run_id,scenario_name,round_number,metric.communication_feature_presence,metric.communication_open_coding,metric.content_filter_refusal,metric.english_ngram_backoff_surprisal,metric.english_ngram_surprisal,metric.gzip_compression_ratio,metric.language_emergence,metric.language_strangeness,metric.mean_chars_per_message,metric.mean_chars_per_round,metric.mean_message_length,metric.mean_word_length,metric.message_entropy,metric.neologism,metric.perplexity,metric.postmortem_ended_timeout,metric.protocol_probe,metric.round_ended_idle,metric.round_ended_timeout,metric.round_success,metric.shorthand_codes,metric.slang_emergence
veyru/1777920823,veyru,1,,,,2.3653101616505143,2.437206247798109,0.7380816714150047,,1.0,146.0,,26.0,4.653846153846154,4.1420606945281895,,5.220855712890625,,,,,1.0,,
veyru/1777920823,veyru,2,,,,2.833306363824144,2.9742784151257093,0.897196261682243,1.0,,107.0,,16.0,5.75,4.467424035285549,,5.886452674865723,,,1.0,,0.0,1.0,
veyru/1777920823,veyru,3,,,,2.8518753079081836,2.8720069344835784,0.9674531212617887,1.0,1.0,69.85714285714286,,11.714285714285714,5.048780487804878,3.9756125433573217,,6.345398085457938,,,,,1.0,,
veyru/1777920823,veyru,4,,,,2.8699344907566195,2.875431553427433,1.0197354727722012,1.0,1.0,53.6,,8.333333333333334,5.552,3.930999760809665,,6.843952592213949,,,,,0.0,1.0,
veyru/1777920823,veyru,5,,,,,,,1.0,,,,,,,,,,,1.0,,0.0,1.0,
veyru/1777920823,veyru,6,,,,2.9783448160534625,3.1594176050131217,0.927710843373494,1.0,1.0,83.0,,13.0,5.461538461538462,4.343202576510352,,6.4060211181640625,,,1.0,,0.0,1.0,
veyru/1777920823,veyru,7,,,,5.711100908025614,3.7977929971360647,0.96875,1.0,1.0,32.0,,3.0,10.0,3.85845859334435,,4.611973762512207,,,1.0,,0.0,1.0,
veyru/1777920823,veyru,8,,,,4.6707979127245105,3.7769515953387787,1.2857142857142858,1.0,1.0,7.0,,1.0,7.0,2.8073549220576037,,6.882824897766113,,,1.0,,0.0,1.0,
veyru/1777920823,veyru,9,,,,4.713614237343564,3.721267583688721,1.2857142857142858,1.0,,7.0,,1.0,7.0,2.8073549220576037,,6.9218645095825195,,,1.0,,0.0,1.0,
veyru/1777920823,veyru,10,,,,5.600458921055148,4.538495030086949,1.3333333333333333,1.0,,6.0,,1.0,6.0,2.584962500721156,,7.147885322570801,,,1.0,,0.0,1.0,
veyru/1777920823,veyru,11,,,,3.121028811232305,3.2285500829326055,0.9642857142857143,,1.0,56.0,,9.0,5.333333333333333,4.297902689682947,,6.565593242645264,,,1.0,,0.0,,
veyru/1777920823,veyru,12,,,,4.76841943131835,3.7722823154821215,1.6666666666666667,1.0,,3.0,,1.0,3.0,1.584962500721156,,8.723888397216797,1.0,,1.0,,0.0,1.0,
veyru/1777920823,veyru,13,,,,5.546388534278271,2.1155887050511932,1.6666666666666667,1.0,,3.0,,1.0,3.0,1.584962500721156,,8.327596664428711,1.0,,1.0,,0.0,1.0,
veyru/1777920823,veyru,14,,,,3.9781010536695764,2.2517683936612363,1.6666666666666667,1.0,,3.0,,1.0,3.0,1.584962500721156,,6.190441131591797,1.0,,,1.0,0.0,1.0,
veyru/1777920823,veyru,15,,,,5.546388534278271,2.1155887050511932,1.6666666666666667,1.0,,3.0,,1.0,3.0,1.584962500721156,,8.327596664428711,,,,1.0,0.0,1.0,
veyru/1780571879,veyru,1,,,,2.3777845011158925,2.3606171682121513,0.8431616511185254,,,116.57142857142857,,,,4.067023442855913,,5.168509823935373,1.0,,,,0.0,,
veyru/1780571879,veyru,2,,,,2.3769027441752413,2.3655281174844585,0.8169417685707971,,,123.375,,,,4.048561102315954,,4.87935334444046,1.0,,,,0.0,,
veyru/1780571879,veyru,3,,,,2.4177076740625805,2.4783289540137914,0.8177562698470773,,,132.33333333333334,,,,4.186573468042228,,5.110995292663574,1.0,,,,1.0,,
veyru/1780571879,veyru,4,,,,2.2741081903235,2.2940525190115677,0.7229458927304309,,,187.4,,,,4.224257569171405,,4.757970333099365,,,,,0.0,,1.0
veyru/1780571879,veyru,5,,,,2.375425205294134,2.3563576456543096,0.8165662940460224,,,140.33333333333334,,,,4.198384611360857,,4.853772242863973,1.0,,,,0.0,1.0,
veyru/1780571879,veyru,6,,,,2.4035010828169745,2.372484372475779,0.81537757556165,,,144.0,,,,4.199925687973572,,4.89091428120931,1.0,,,,0.0,,
veyru/1780571879,veyru,7,,,,2.3608603157483503,2.3834914947613557,0.701953373842126,,,199.0,,,,4.22468383498328,,4.768999099731445,1.0,,,,0.0,,
veyru/1780571879,veyru,8,,,,2.3962896225393107,2.410326520320576,0.8253422345789329,,,124.0,,,,4.223811837664823,1.0,4.497335433959961,1.0,,,,0.0,1.0,1.0
veyru/1780571879,veyru,9,,,,2.311622736528817,2.348096500112405,0.6984460731672006,,,196.8,,,,4.191454451146317,,4.606907081604004,1.0,,,,0.0,,
veyru/1780571879,veyru,10,,,,2.3671478765830467,2.4054295837164483,0.7592413555125489,,,138.8,,,,4.096443835259283,,4.779995441436768,1.0,,,,1.0,,
veyru/1780571879,veyru,11,,,,2.2298929091714674,2.267363771314442,0.6993239769808961,,1.0,161.0,,,,4.07180912525629,,4.644173240661621,1.0,,,,0.0,,
veyru/1780571879,veyru,12,,,,2.3625606135877675,2.3086699001719637,0.8211974727072292,,,116.0,,,,4.053790669919461,,4.841851575034005,1.0,,,,0.0,,
veyru/1780571879,veyru,13,,,,2.283341265430331,2.29553095095021,0.7569242253671178,,,163.4,,,,4.149336289992555,,4.730266380310058,1.0,,,,0.0,,
veyru/1780571879,veyru,14,,,,2.3937024840495646,2.3797523572969,0.80706505320104,,,128.28571428571428,,,,4.154312937067572,,4.822939668382917,1.0,,,,0.0,,
veyru/1780571879,veyru,15,,,,2.3298248682720235,2.3243927895544343,0.7818470789083561,,,138.0,,,,4.1398180862258425,,4.748467241014753,,,,,0.0,,
veyru/1780571883,veyru,1,,,,2.3219454099940955,2.3469602063393227,0.7486728443802771,,,176.25,,,,4.215379701394768,,5.133012533187866,1.0,,,,1.0,,
veyru/1780571883,veyru,2,,,,2.322071305290573,2.35114821838251,0.70193105695302,,,194.16666666666666,,,,4.185533359755237,,4.791621605555217,1.0,,,,1.0,,
veyru/1780571883,veyru,3,,,,2.447213749694991,2.472319217048016,0.7876456715514849,,,168.0,,,,4.267816890420894,,5.219824600219726,,,,,1.0,,
veyru/1780571883,veyru,4,,,,2.2952558297795362,2.3218274792617155,0.6834065259375056,,,206.66666666666666,,,,4.222545959916148,,4.750814000765483,,,,,1.0,,
veyru/1780571883,veyru,5,,,,2.501097078768924,2.495004803140975,0.8270625429629314,,,137.375,,,,4.226301120794747,,5.254514932632446,,,,,1.0,,
veyru/1780571883,veyru,6,,,,2.3582398105170137,2.3667380814759733,0.7184813033451511,,,168.75,,,,4.171733580145423,,4.808409094810486,1.0,,,,1.0,,
veyru/1780571883,veyru,7,,,,2.313199827259042,2.3351985620222693,0.7759916520371395,,,144.21428571428572,,,,4.202476169564667,,5.099596091679165,1.0,,,,0.0,,
veyru/1780571883,veyru,8,,,,2.262150358590976,2.273534308842205,0.8267478005128828,,1.0,110.63157894736842,,,,4.124808649112596,,5.090941805588572,1.0,,,,0.0,,
veyru/1780571883,veyru,9,,,,2.2663835288202634,2.3002575904660136,0.7936853331512626,,1.0,136.33333333333334,,,,4.1870910656629325,,4.943964163462321,1.0,,1.0,,0.0,,
veyru/1780571883,veyru,10,,,,2.2672148027702166,2.2958698031268163,0.6992556429240822,,,171.25,,,,4.128397031442725,,4.650208592414856,1.0,,,,1.0,,
veyru/1780571883,veyru,11,,,,2.2786563549295424,2.3185766898050293,0.7200305919180421,,,181.5,,,,4.123017584245546,,4.230945825576782,1.0,,1.0,,0.0,,
veyru/1780571883,veyru,12,,,,2.2610555930653256,2.284716146336141,0.7121566745021527,,,155.16666666666666,,,,4.0505876994716905,,4.542821327845256,1.0,,,,1.0,,
veyru/1780571883,veyru,13,,,,2.2497256527301115,2.2936159899283566,0.7082346941330038,,1.0,176.0,,,,4.137731378625988,,4.528035461902618,1.0,,,,1.0,,
veyru/1780571883,veyru,14,,,,2.2341304557102633,2.2401547660778673,0.7985681625606083,,,121.94117647058823,,,,4.127729662522476,,5.163711940540987,,,,,0.0,,
veyru/1780571883,veyru,15,,,,2.3912285847229082,2.439644729440624,0.8223815672864103,,,122.88888888888889,,,,4.155035119312416,,5.1684021419949,,,,,1.0,,
veyru/1780571887,veyru,1,,,,2.653869928206962,2.7207994831026268,0.907936507936508,,,92.5,,,,4.183512215676075,,5.567358016967773,,,,,0.0,1.0,
veyru/1780571887,veyru,2,,,,2.9902529559351576,2.8688098531165513,0.8761467889908257,,1.0,83.5,,,,4.201836020708412,,5.756819725036621,,,,,0.0,1.0,
veyru/1780571887,veyru,3,,,,3.6139180075703936,3.610753652372824,1.0044063152605713,,1.0,56.5,,,,3.9925811391091894,,7.311493396759033,,,,,0.0,1.0,
veyru/1780571887,veyru,4,,,,4.039291693907745,3.737188339851791,1.0703703703703704,,1.0,35.666666666666664,,,,4.072849516254142,,7.478430271148682,,,1.0,,0.0,1.0,
veyru/1780571887,veyru,5,,,,2.639796072255492,2.738645460698336,0.9098544232922732,,,85.0,,,,4.218161472316234,,6.577696084976196,,,,,0.0,1.0,
veyru/1780571887,veyru,6,,,,2.8707090551667016,3.0084850300789223,1.0120797318355585,,1.0,51.0,,,,4.02681834602399,,6.256054719289144,,,,,0.0,1.0,
veyru/1780571887,veyru,7,,,,3.011516577653646,3.1066910503757326,1.0247704570679044,,1.0,44.0,,,,4.197640364117352,,6.884122014045715,,,,,0.0,1.0,
veyru/1780571887,veyru,8,,,,3.0653399423634022,3.0847090224664844,0.9930555555555556,,1.0,46.0,,,,4.1625021663191175,,6.330492734909058,,,,,0.0,1.0,
veyru/1780571887,veyru,9,,,,4.208620116366182,3.615838643690085,1.0422021265771266,,1.0,40.75,,,,4.288491585407247,,6.537473917007446,,,,,0.0,1.0,
veyru/1780571887,veyru,10,,,,3.613019959381463,3.3388621404783474,1.0556838805477644,,1.0,36.333333333333336,,,,4.108082451145249,,7.069684346516927,,,1.0,,0.0,1.0,
veyru/1780571887,veyru,11,,,,3.121696811474882,3.34155797464563,1.029741379310345,,1.0,41.5,,,,4.26369868726875,,6.961380958557129,,,,,0.0,1.0,
veyru/1780571887,veyru,12,,,,3.445840992651536,3.249522951537859,1.0440115440115438,,1.0,35.0,,,,4.175483747010545,,6.528789679209392,,,1.0,,0.0,1.0,
veyru/1780571887,veyru,13,,,,3.2153437527569917,3.3337022741428357,1.0505050505050504,,1.0,33.333333333333336,,,,4.0624081045781395,,6.440781116485596,,,1.0,,0.0,1.0,
veyru/1780571887,veyru,14,,,,3.845986210905881,3.5177992376785014,1.065073815073815,,1.0,31.666666666666668,,,,4.089280107764207,,6.0314040184021,,,1.0,,0.0,1.0,
veyru/1780571887,veyru,15,,,,3.140394433632299,3.3850905785337675,0.9861111111111112,,1.0,72.0,,,,4.423194190430396,,6.807824611663818,,,1.0,,0.0,1.0,
veyru/1780572066,veyru,1,,,,2.6180720043034666,2.7065731564961393,0.8536807755062866,,1.0,110.0,,,,4.182888083729413,,5.668168544769287,,,,,0.0,,
veyru/1780572066,veyru,2,,,,2.494608916140723,2.6508680526257904,0.8636363636363636,,1.0,98.0,,,,4.122917038514842,,5.75299072265625,,,,,0.0,1.0,
veyru/1780572066,veyru,3,,,,2.6749358659221247,2.970080882951781,0.8998778998778998,,1.0,82.5,,,,4.155339765827693,,5.6834166049957275,,,,,0.0,1.0,
veyru/1780572066,veyru,4,,,,2.6439303907972174,2.828028948292193,0.8842592592592593,,1.0,72.0,,,,4.082846572090128,,6.425018310546875,,,1.0,,0.0,,
veyru/1780572066,veyru,5,,,,2.925293348394196,2.841126528730565,0.843558282208589,,1.0,97.5,,,,4.066333710840546,,5.256389141082764,,,,,0.0,1.0,
veyru/1780572066,veyru,6,,,,3.230221527293651,3.3022462427391637,0.9444444444444445,,1.0,58.666666666666664,,,,3.9596590503317652,,6.035322825113933,,,,,0.0,1.0,
veyru/1780572066,veyru,7,,,,2.8068617262753897,2.9503920483633053,0.8631452581032413,,1.0,99.0,,,,4.2243792739148205,,5.402361869812012,,,,,0.0,1.0,
veyru/1780572066,veyru,8,,,,2.705780375458128,2.7967573099884047,0.8611111111111112,,1.0,96.0,,,,4.19922571405084,,4.901271343231201,,,,,0.0,1.0,
veyru/1780572066,veyru,9,,,,2.918295541904433,3.1351009113169583,0.8505434782608696,,1.0,108.0,,,,4.23434629264054,,5.163890838623047,,,,,0.0,1.0,
veyru/1780572066,veyru,10,,,,2.7812006656054162,2.9531217487446733,0.972398651297734,,1.0,58.0,,,,4.002002093200383,,6.035459677378337,,,,,0.0,1.0,
veyru/1780572066,veyru,11,,,,2.8355842552957142,3.0418075990621722,0.9569599217986315,,,56.333333333333336,,,,4.13729176571892,,5.891718069712321,,,,,0.0,1.0,
veyru/1780572066,veyru,12,,,,2.726905158721358,2.8182281825087774,0.8708333333333333,,1.0,90.0,,,,4.153341053681045,,6.263509750366211,,,,,0.0,1.0,
veyru/1780572066,veyru,13,,,,2.6581835707426054,2.8286280456434287,0.923633969716919,,1.0,86.5,,,,4.136344938199041,,6.863600015640259,,,,,0.0,1.0,
veyru/1780572066,veyru,14,,,,3.1270442144659056,2.9786334714300255,1.488920320603489,,1.0,78.33333333333333,,,,2.6761475334850076,,5.66130518913269,,,,,0.0,1.0,
veyru/1780572066,veyru,15,,,,2.6838607903981293,2.8027399404906195,0.8527998077385244,,1.0,122.0,,,,4.308452518170196,,5.515676736831665,,,,,0.0,1.0,
veyru/1780576077,veyru,1,,,,2.2772746117039167,2.359229942090024,0.7809398712787883,,1.0,133.0,,,,4.0588422378694045,,5.476746718088786,,,,,0.0,1.0,
veyru/1780576077,veyru,2,,,,2.45986516590944,2.502393117539646,0.8577773498289215,,1.0,98.75,,,,4.129770088507998,,5.955515742301941,,,,,0.0,1.0,
veyru/1780576077,veyru,3,,,,3.6687906717165575,3.7260762371945892,1.0653389554251622,,1.0,28.22222222222222,,,,3.9359658571487253,,6.0814870198567705,1.0,,,,0.0,1.0,
veyru/1780576077,veyru,4,,,,3.7411856468309295,3.337163883075858,1.0098710556243418,,1.0,47.5,,,,4.147334441790626,,6.434025128682454,,,,,0.0,1.0,
veyru/1780576077,veyru,5,,,,6.008335332989751,4.276821061905964,1.054054054054054,,1.0,37.0,,,,4.229327351940021,,5.050431728363037,,,1.0,,0.0,1.0,
veyru/1780576077,veyru,6,,,,5.651881953507084,4.2596504373081,1.0555555555555556,,1.0,35.5,,,,3.8696069699784914,,5.528635501861572,,,1.0,,0.0,1.0,
veyru/1780576077,veyru,7,,,,5.400834526116764,4.0693300707551225,1.0251322751322751,,1.0,34.5,,,,4.06664506598747,,6.397876262664795,,,1.0,,0.0,1.0,
veyru/1780576077,veyru,8,,,,6.057800985541385,4.559003237263166,0.944390243902439,,1.0,33.0,,,,3.7887848790222782,,4.823833465576172,,,1.0,,0.0,1.0,
veyru/1780576077,veyru,9,,,,4.554571608342437,3.760462537235087,1.0486111111111112,,1.0,42.0,,,,4.187803256903612,,6.461477279663086,,,1.0,,0.0,1.0,
veyru/1780576077,veyru,10,,,,4.934032217733597,3.4572603819907872,1.0238095238095237,,1.0,48.0,,,,4.43776732131854,,5.868475914001465,,,1.0,,0.0,1.0,
veyru/1780576077,veyru,11,,,,5.749133243898696,3.9115391002480595,1.0613553113553114,,1.0,33.5,,,,4.093065314755414,,5.628979444503784,,,1.0,,0.0,1.0,
veyru/1780576077,veyru,12,,,,5.2637894772429465,3.900659281225818,1.032176373046917,,1.0,43.285714285714285,,,,4.107943554650456,,5.78070034299578,,,,,0.0,1.0,
veyru/1780576077,veyru,13,,,,5.383752402328557,3.938522633648148,1.0446265328874025,,1.0,49.666666666666664,,,,4.220146784496937,,5.028225739796956,,,1.0,,0.0,1.0,
veyru/1780576077,veyru,14,,,,4.633754963241768,3.5408067693057075,0.962510874293171,,1.0,66.75,,,,4.390155385549317,,5.837079286575317,,,,,0.0,1.0,
veyru/1780576077,veyru,15,,,,5.847484634249993,3.926702532586864,1.0606837606837607,,1.0,35.5,,,,3.8875483654884677,,4.83013129234314,,,1.0,,0.0,1.0,
veyru/1780576803,veyru,1,,,,2.4701228149832635,2.5417042769685256,0.8171418963854226,,1.0,120.33333333333333,,,,4.131741923173949,,5.741740544637044,,,,,0.0,,
veyru/1780576803,veyru,2,,,,3.6065562119976167,3.308765529290921,1.0184819597561143,,1.0,46.5,,,,4.019186117067711,,6.4738396008809405,,,,,0.0,1.0,
veyru/1780576803,veyru,3,,,,2.6275738478179997,2.7666375027219274,0.8981094002896328,,1.0,85.5,,,,4.121218369203624,,5.446449279785156,,,,,0.0,1.0,
veyru/1780576803,veyru,4,,,,2.9730868578676932,3.0413383688836397,1.0431376386170907,,1.0,51.333333333333336,,,,4.278840284985599,,6.856275717417399,,,1.0,,0.0,1.0,
veyru/1780576803,veyru,5,,,,2.9474700771188957,3.0739577422939686,1.0379661016949153,,,50.333333333333336,,,,4.197823147584478,,6.624242782592773,,,1.0,,0.0,,
veyru/1780576803,veyru,6,,,,2.9079160213044264,2.912146316496333,1.0071604938271606,,,51.333333333333336,,,,4.133163099833683,,6.220543384552002,,,1.0,,0.0,,
veyru/1780576803,veyru,7,,,,3.1254177792865185,3.113647307526287,1.0257793552203491,,1.0,47.666666666666664,,,,4.2033643820281545,,6.687175750732422,,,1.0,,0.0,,
veyru/1780576803,veyru,8,,,,2.9885771619294834,3.138863051224338,1.0,,1.0,71.5,,,,4.4208565738123475,,5.863056182861328,,,1.0,,0.0,1.0,
veyru/1780576803,veyru,9,,,,2.9806534750828204,3.128561062106941,0.9101123595505618,,,89.0,,,,4.376274510399643,,6.366781234741211,,,1.0,,0.0,1.0,
veyru/1780576803,veyru,10,,,,2.8270368068632497,2.912607353083572,0.9543414780125744,,1.0,75.5,,,,4.293878399984649,,6.80754542350769,,,,,0.0,1.0,
veyru/1780576803,veyru,11,,,,4.268739504731275,3.387790714770148,0.9849079025549613,,1.0,44.666666666666664,,,,3.8870393195620743,,5.2362955411275225,,,1.0,,0.0,1.0,
veyru/1780576803,veyru,12,,,,2.74070309513167,2.8836666289980775,0.8941176470588236,,,85.0,,,,4.327227414470271,,5.807793140411377,,,1.0,,0.0,,
veyru/1780576803,veyru,13,,,,4.090601235941953,3.2813225586841455,1.0798121676798147,,1.0,35.5,,,,3.7660550210911214,,5.515985310077667,,,,,0.0,1.0,
veyru/1780576803,veyru,14,,,,3.4411331273400276,3.1033742439029903,1.0311500683309784,,1.0,46.666666666666664,,,,3.9877695119621563,,5.706437985102336,1.0,,,,0.0,1.0,
veyru/1780576803,veyru,15,,,,3.1408197157619386,3.426590104214828,0.9861111111111112,,,72.0,,,,4.522715484095165,,6.046045303344727,,,,1.0,0.0,1.0,
veyru/1780578775,veyru,1,,,,2.5008147428007033,2.5534552627872715,0.8185496491693328,,1.0,113.6,,,,4.172096915723279,,5.451002979278565,,,,,0.0,,
veyru/1780578775,veyru,2,,,,2.4651257134133644,2.541222906503967,0.812595669994948,,1.0,114.8,,,,4.11380373805287,,5.299763870239258,,,,,0.0,,
veyru/1780578775,veyru,3,,,,2.3638808558965696,2.451026090874564,0.8471786434815137,,,119.0,,,,4.174714877494098,,5.564646601676941,,,,,0.0,,
veyru/1780578775,veyru,4,,,,2.6277267015222203,2.687077996247408,0.876643723578272,,1.0,87.33333333333333,,,,4.165382395047234,,5.564271608988444,,,1.0,,0.0,,
veyru/1780578775,veyru,5,,,,2.7881718872452264,2.801390804925138,0.9060709007655178,,1.0,81.33333333333333,,,,4.17495190887327,,6.765126625696818,,,,,0.0,,1.0
veyru/1780578775,veyru,6,,,,2.9210193156798243,2.891060147648618,0.9989905043661685,,1.0,54.55555555555556,,,,4.1506203089890015,,7.088228172726101,,,,,0.0,1.0,1.0
veyru/1780578775,veyru,7,,,,2.3498370850778416,2.440591736804192,0.8067204507619413,,1.0,115.4,,,,4.121426445375493,,5.3682990074157715,1.0,,,,0.0,1.0,
veyru/1780578775,veyru,8,,,,4.039447779604131,3.9563651989015596,1.3815594010509267,,1.0,25.363636363636363,,,,2.61058927582678,,6.4005725167014385,,,,1.0,0.0,1.0,
veyru/1780578775,veyru,9,,,,4.048626121421037,4.058655818689967,1.3149168976271872,,1.0,13.96551724137931,,,,2.8438986102507413,,6.161968905350258,,,,1.0,0.0,1.0,
veyru/1780578775,veyru,10,,,,5.260400393084613,3.838515373776251,1.1738095238095236,,1.0,28.5,,,,3.4855610591360366,,5.913878679275513,1.0,,1.0,,0.0,1.0,
veyru/1780578775,veyru,11,,,,3.377408471606649,3.0723724979237477,0.99,,1.0,44.0,,,,4.176297371495278,,6.741092562675476,1.0,,,1.0,0.0,1.0,
veyru/1780578775,veyru,12,,,,2.786267273356098,3.024210785846907,0.96,,,75.0,,,,4.2823195315707885,,6.148216724395752,1.0,,,1.0,0.0,,
veyru/1780578775,veyru,13,,,,2.730422819214117,2.9911088172915257,1.0452088452088453,,,46.0,,,,4.146307187441884,,6.214737415313721,1.0,,,1.0,0.0,,
veyru/1780578775,veyru,14,,,,3.8429878516746925,3.867188704912245,1.175,,1.0,26.333333333333332,,,,3.4320537936342337,,7.082069555918376,1.0,,,1.0,0.0,1.0,
veyru/1780578775,veyru,15,,,,3.739928880012931,3.9404013559123303,0.9912280701754386,,1.0,39.0,,,,3.887021413654961,,6.755807399749756,,,,1.0,0.0,1.0,
veyru/1780580283,veyru,1,,,,2.3566488659453357,2.4364323519507565,0.7739243631233923,,1.0,153.5,,,,4.198124775804593,,4.911580801010132,,,,,0.0,1.0,
veyru/1780580283,veyru,2,,,,3.0277676245556617,3.065402512581487,1.003243628682225,,,51.888888888888886,,,,4.094494651413087,,6.75948068830702,,,,,0.0,1.0,
veyru/1780580283,veyru,3,,,,4.806413771431518,4.003626694811993,1.0705128205128205,,,25.5,,,,3.5987870911054523,,5.614820241928101,,,1.0,,0.0,1.0,
veyru/1780580283,veyru,4,,,,2.7510315254128637,2.8077948130268173,0.9503305416548459,,1.0,61.375,,,,4.1219061307202605,,6.189276695251465,,,,,0.0,1.0,
veyru/1780580283,veyru,5,,,,3.2488917597366993,3.268628785062908,1.239169187554019,,,54.0,,,,3.6812650551812256,,6.526663099016462,,,1.0,,0.0,1.0,
veyru/1780580283,veyru,6,,,,3.3348295107120833,3.2117374265752376,1.3375030525030525,,,60.8,,,,3.3616471504028196,,6.261349320411682,1.0,,1.0,,0.0,1.0,
veyru/1780580283,veyru,7,,,,2.675219897617528,2.6282726347800485,0.8921082630632778,,1.0,92.8,,,,4.2152975506528625,,6.31340389251709,1.0,,,,0.0,1.0,1.0
veyru/1780580283,veyru,8,,,,,,,,,,,,,,,,,,1.0,,0.0,1.0,
veyru/1780580283,veyru,9,,,,2.6483200211996,2.7638963947887834,0.9019901159116847,,1.0,87.16666666666667,,,,4.299345610006356,,6.469493389129639,1.0,,,,0.0,1.0,
veyru/1780580283,veyru,10,,,,3.997164118752556,3.7838228684445596,1.210078029987255,,,34.833333333333336,,,,3.618391419741718,,6.369211483001709,1.0,,1.0,,0.0,1.0,
veyru/1780580283,veyru,11,,,,4.027391271701917,3.998322531068337,1.078878181394659,,1.0,29.454545454545453,,,,3.8556141143944243,,6.662270545959473,,,1.0,,0.0,1.0,
veyru/1780580283,veyru,12,,,,3.8038546531070665,3.662749207725625,1.0877420770810962,,1.0,32.42857142857143,,,,3.744120599089546,,6.500204290662493,,,1.0,,0.0,1.0,
veyru/1780580283,veyru,13,,,,3.895105313469187,3.1881127913578946,1.1556237879767293,,1.0,24.846153846153847,,,,3.5708645219562274,,6.389483668587425,,,1.0,,0.0,1.0,
veyru/1780580283,veyru,14,,,,3.848034657240737,3.1296863114916613,1.2270811602946359,,1.0,24.05,,,,3.312802651037038,,6.35052687327067,,,,,0.0,1.0,
veyru/1780580283,veyru,15,,,,3.806876760732345,3.531219106495864,1.0365520012578835,,1.0,40.57142857142857,,,,3.9460201550535676,,6.769299234662737,,,1.0,,0.0,1.0,
veyru/1780585532,veyru,1,,,,2.382468905467507,2.4281236870828273,0.7804858391758674,,,128.85714285714286,,,,4.111505331978869,,5.297640868595669,1.0,,,,0.0,1.0,
veyru/1780585532,veyru,2,,,,2.7254462920070295,2.8117737973755634,0.9128473042330721,,,72.33333333333333,,,,4.1225358191133665,,6.347118059794108,,,1.0,,0.0,1.0,
veyru/1780585532,veyru,3,,,,2.4329455937242086,2.5598852814754913,0.8219075495608859,,,111.75,,,,4.2060777970258805,,5.495542526245117,,,,,1.0,,
veyru/1780585532,veyru,4,,,,2.4152133177837265,2.496024941690239,0.815804833118953,,,102.25,,,,4.114884966218257,,5.0294575691223145,,,1.0,,0.0,,
veyru/1780585532,veyru,5,,,,2.4492604467079704,2.555954965777851,0.8095597735565583,,,121.25,,,,4.194111689915341,,5.964816331863403,,,,,1.0,,
veyru/1780585532,veyru,6,,,,2.345053504135096,2.376587441453818,0.7920792079207921,,,101.0,,,,4.2509859886401475,,5.59045934677124,1.0,,1.0,,0.0,,
veyru/1780585532,veyru,7,,,,2.341315838013356,2.375014054013097,0.7791450844306429,,,121.85714285714286,,,,4.133386276634279,,5.2639201028006415,,,,,0.0,1.0,
veyru/1780585532,veyru,8,,,,2.607607921454214,2.631926215353161,0.9265671028106595,,,72.9090909090909,,,,4.034358056728634,,6.0986574779857285,,,,,0.0,1.0,
veyru/1780585532,veyru,9,,,,2.7965702164930013,2.821220007061157,0.9879062454081861,,,66.07692307692308,,,,4.250541627458846,,7.366517213674692,,,,,0.0,1.0,
veyru/1780585532,veyru,10,,,,2.9731437175809163,2.8673919224321276,1.004323772953208,,1.0,54.333333333333336,,,,4.100519682131258,,6.876686922709147,,,,,0.0,1.0,
veyru/1780585532,veyru,11,,,,4.416911634281094,3.9112872866715906,1.0657069029162052,,1.0,23.952380952380953,,,,3.5086033209029233,,6.081702845437186,,,1.0,,0.0,1.0,
veyru/1780585532,veyru,12,,,,4.860743295097723,3.842695037260594,1.0902686049956238,,1.0,37.5,,,,3.7811227805287753,,5.78955457427285,,,,,0.0,1.0,
veyru/1780585532,veyru,13,,,,3.734825090188916,3.8442839346998547,1.0795765599687168,,1.0,22.185185185185187,,,,3.5524195759145445,,6.857403331332737,,,,1.0,0.0,1.0,
veyru/1780585532,veyru,14,,,,4.556387384688022,3.6866684214728234,1.0697675657098942,,1.0,24.214285714285715,,,,3.738205584371027,,7.12923356464931,,,1.0,,0.0,1.0,
veyru/1780585532,veyru,15,,,,4.540367802989668,3.619086492521109,1.0733522998273137,,1.0,24.041666666666668,,,,3.67590484875719,,5.537837465604146,,,,1.0,0.0,1.0,
veyru/1780591851,veyru,1,,,,2.38008899761738,2.393772921752224,0.7762961532087849,,,140.28571428571428,,,,4.129884483398557,,5.332888739449637,,,,,1.0,,1.0
veyru/1780591851,veyru,2,,,,2.3791996412263616,2.4084754783922513,0.796854203199884,,,125.4375,,,,4.1341290642922965,,6.058685809373856,,,,,0.0,1.0,
veyru/1780591851,veyru,3,,,,2.4566190760656514,2.5405162397100676,0.8014641396027512,,,130.66666666666666,,,,4.206620245915692,,5.454076184166802,,,1.0,,0.0,1.0,
veyru/1780591851,veyru,4,,,,2.46866107746696,2.5630103032990066,0.8581158143881774,,1.0,102.3,,,,4.112309841207079,,5.443965482711792,,,,,1.0,1.0,1.0
veyru/1780591851,veyru,5,,,,2.4895455506465574,2.6048134449699916,0.8499630719310354,,,113.5,,,,4.2183036011634005,,5.580846071243286,,,,,1.0,,1.0
veyru/1780591851,veyru,6,,,,2.578160506840619,2.618860525647164,0.8789585075250836,,,101.25,,,,4.149076058340382,,5.469941735267639,,,1.0,,0.0,,
veyru/1780591851,veyru,7,,,,2.4021226482925755,2.4537094866855838,0.850996042263364,,1.0,113.44444444444444,,,,4.120214658743707,,5.309669786029392,,,1.0,,0.0,,
veyru/1780591851,veyru,8,,,,2.5266462448383518,2.6341313367338177,0.8018843819865857,,,128.0,,,,4.297947731125605,,5.473110914230347,,,,,1.0,,1.0
veyru/1780591851,veyru,9,,,,2.7430463368492655,2.8718259024303654,0.9101123595505618,,,89.0,,,,4.427746286926684,,7.171194076538086,1.0,,1.0,,0.0,1.0,
veyru/1780591851,veyru,10,,,,2.425505253511429,2.476789636593056,0.8839232440014146,,1.0,100.9,,,,4.119869766391197,,5.513474321365356,,,,,0.0,1.0,
veyru/1780591851,veyru,11,,,,2.7328893795306795,2.8473138322476323,0.8485817992143657,,,102.0,,,,4.244908123843643,,5.232632160186768,,,,,1.0,1.0,
veyru/1780591851,veyru,12,,,,3.04185622298046,2.9299147811160275,0.9245554520949353,,1.0,83.14285714285714,,,,3.959702780756956,,5.37661109651838,,,1.0,,0.0,1.0,
veyru/1780591851,veyru,13,,,,2.77581791637571,2.876325708211809,1.0454545454545454,,1.0,44.0,,,,4.18581570915303,,6.935920715332031,1.0,,1.0,,0.0,1.0,
veyru/1780591851,veyru,14,,,,2.696826784171011,2.869174382338678,0.9256475855452511,,1.0,85.5,,,,4.26822346910574,,6.1745123863220215,1.0,,1.0,,0.0,1.0,
veyru/1780591851,veyru,15,,,,2.586321212617683,2.793667549862562,0.905374649859944,,1.0,81.5,,,,4.1722502204457435,,6.4020164012908936,,,1.0,,0.0,1.0,
veyru/1780592371,veyru,1,,,,2.312157732077081,2.3525150234033396,0.8581521045249166,,1.0,106.27777777777777,,,,4.083167128477861,,5.681035545137194,,,1.0,,0.0,,
veyru/1780592371,veyru,2,,,,2.3922162482246647,2.440211078944705,0.8713915915001178,,1.0,102.66666666666667,,,,4.062543595584766,,5.506442546844482,1.0,,1.0,,0.0,,
veyru/1780592371,veyru,3,,,,2.4671979214673954,2.521909258306183,0.8386627254972578,,1.0,124.5,,,,4.325992109655733,,5.740508675575256,,,1.0,,0.0,,
veyru/1780592371,veyru,4,,,,2.7727967190256013,2.8522087985447673,0.8143535296819968,,1.0,139.0,,,,4.4355123452476235,,6.023801565170288,,,1.0,,0.0,1.0,
veyru/1780592371,veyru,5,,,,4.158611838040724,3.4401791018988366,1.0212765957446808,,1.0,45.0,,,,4.472424141197959,,7.428177833557129,,,1.0,,0.0,1.0,
veyru/1780592371,veyru,6,,,,2.7031294682511784,2.755282341444515,0.8520023895884932,,1.0,122.0,,,,4.406658279708491,,6.658538023630778,1.0,,1.0,,0.0,1.0,
veyru/1780592371,veyru,7,,,,2.5310400361969076,2.554214124057008,0.8390264026402641,,,110.5,,,,4.3362552869799185,,6.32006311416626,1.0,,,1.0,0.0,,
veyru/1780592371,veyru,8,,,,2.5034810483868353,2.5744801072232493,0.7411764705882353,,,170.0,,,,4.402639580455191,,6.177757263183594,1.0,,,1.0,0.0,,
veyru/1780592371,veyru,9,,,,2.3739565821718074,2.491494360462478,0.7386363636363636,,,176.0,,,,4.330585417154718,,5.512819766998291,1.0,,,1.0,0.0,,
veyru/1780592371,veyru,10,,,,2.517661239664319,2.6568772615554397,0.7528089887640449,,,178.0,,,,4.40270553663906,,5.840106010437012,1.0,,,1.0,0.0,,
veyru/1780592371,veyru,11,,,,2.4065504118123577,2.535042886815912,0.7431693989071039,,,183.0,,,,4.340399790492308,,5.896361351013184,1.0,,,1.0,0.0,,
veyru/1780592371,veyru,12,,,,2.405883943066799,2.535042886815912,0.7431693989071039,,,183.0,,,,4.351328752240941,,5.911311149597168,1.0,,,1.0,0.0,,
veyru/1780592371,veyru,13,,,,2.7171518282028977,2.8951234663614467,0.9010989010989011,,1.0,91.0,,,,4.292012470845658,,5.9477338790893555,1.0,,,1.0,0.0,,
veyru/1780592371,veyru,14,,,,3.079481003110085,3.262687856625989,1.0,,1.0,75.0,,,,4.452384698266301,,5.916306495666504,1.0,,,1.0,0.0,,
veyru/1780592371,veyru,15,,,,2.753005592335206,2.945129244099219,1.0,,1.0,70.0,,,,4.270892982809369,,7.435172080993652,,,,1.0,0.0,,
veyru/1780595722,veyru,1,,,,2.3726137114519816,2.5440581862178018,0.831941645071504,,1.0,110.0,,,,4.035622257666848,,5.791951894760132,,,,,0.0,,
veyru/1780595722,veyru,2,,,,2.289772494246604,2.2746437891269924,0.9195156695156695,,1.0,70.66666666666667,,,,4.020802176862314,,6.236423333485921,,,,,0.0,,
veyru/1780595722,veyru,3,,,,2.3549594828293214,2.4054864091223904,0.8867810117810118,,1.0,81.5,,,,4.115037155762678,,6.409430027008057,,,,,0.0,,
veyru/1780595722,veyru,4,,,,2.700630237483072,2.635056082380323,0.9375,,1.0,66.66666666666667,,,,4.0621700822982,,6.488348325093587,,,,,0.0,,
veyru/1780595722,veyru,5,,,,2.7086037793311646,2.6922115483602878,1.00053050397878,,1.0,45.75,,,,3.9348900164146934,,5.99022114276886,,,,,0.0,,
veyru/1780595722,veyru,6,,,,2.696965708416014,2.8091849427007274,0.993939393939394,,1.0,39.25,,,,3.931864394440016,,6.011301875114441,,,,,0.0,,
veyru/1780595722,veyru,7,,,,2.720031555274221,2.6791781140536104,1.0186875693673696,,1.0,45.25,,,,3.980278998213874,,6.371379852294922,,,,,0.0,,
veyru/1780595722,veyru,8,,,,2.646329030047338,2.7346922257384256,0.9675272191318404,,1.0,59.666666666666664,,,,4.0076716697861805,,6.1892422040303545,,,,,0.0,,
veyru/1780595722,veyru,9,,,,2.6265341351215943,2.6903727062884903,1.0137519460300985,,1.0,44.0,,,,4.021775946579716,,6.472130060195923,,,,,0.0,,
veyru/1780595722,veyru,10,,,,2.775119099910159,2.8573473048635156,1.0324750190140741,,1.0,45.8,,,,3.9695324903519333,,6.7309576034545895,,,,,0.0,,1.0
veyru/1780595722,veyru,11,,,,2.71055727637275,2.940385146728739,1.0115198711063373,,1.0,46.5,,,,3.866518569295262,,6.5345035791397095,,,,,0.0,,
veyru/1780595722,veyru,12,,,,3.0502504264194763,3.0095067547483603,1.0542005420054201,,1.0,32.6,,,,3.8794306524009547,,6.531636810302734,,,,,0.0,,1.0
veyru/1780595722,veyru,13,,,,2.850804172183257,2.8541866420074697,0.9199113808359818,,1.0,63.5,,,,3.935095385166803,,5.71820855140686,,,,,0.0,,1.0
veyru/1780595722,veyru,14,,,,2.845194852810245,2.9990854369635294,0.9810431993963403,,1.0,73.0,,,,4.0499820323121085,,6.179505705833435,,,,,0.0,,1.0
veyru/1780595722,veyru,15,,,,3.0002843114539344,3.0950347643251845,1.0076229640380583,,1.0,53.75,,,,3.8351030602918517,,6.030549883842468,,,,,0.0,,1.0
veyru/1780597225,veyru,1,,,,2.3606965502251973,2.421690676489835,0.9126337571225532,,,86.33333333333333,,,,3.945572498766307,,5.442313035329183,,,,,0.0,,
veyru/1780597225,veyru,2,,,,2.4983319121476004,2.629069044556714,0.799938574938575,,,136.5,,,,4.231014433836799,,5.284844875335693,,,,,0.0,,
veyru/1780597225,veyru,3,,,,2.643315006663075,2.7819209407065415,0.9519029178296913,,,74.5,,,,4.039606073810069,,5.954111218452454,,,,,0.0,,
veyru/1780597225,veyru,4,,,,2.5018799382494135,2.5412957782503316,0.8621200206583151,,1.0,78.66666666666667,,,,3.9271324518791886,,5.626896222432454,,,1.0,,0.0,,1.0
veyru/1780597225,veyru,5,,,,2.6469308680090444,2.6808169475852024,0.9344497064064388,,,66.5,,,,3.811619801180869,,5.676340103149414,,,,,0.0,,
veyru/1780597225,veyru,6,,,,2.6951882690501967,2.8268276077928607,1.0,,,51.0,,,,4.191527549121878,,5.91656494140625,,,1.0,,0.0,,
veyru/1780597225,veyru,7,,,,2.425456472024339,2.529008115673584,0.8676407915888573,,1.0,88.5,,,,3.852569846809141,,5.613258361816406,,,,,0.0,,
veyru/1780597225,veyru,8,,,,2.558502402998472,2.6804700582277547,0.8234521048562794,,1.0,116.66666666666667,,,,4.265830862333321,,5.294286251068115,,,,,0.0,,
veyru/1780597225,veyru,9,,,,2.346180459893837,2.3754840624739746,0.8322393485912777,,,106.66666666666667,,,,4.011996911123635,,5.565469106038411,,,,,0.0,,
veyru/1780597225,veyru,10,,,,2.3689683250860227,2.410170687592549,0.884598311538243,,,89.5,,,,3.9757437962995557,,5.9373239278793335,,,,,0.0,,
veyru/1780597225,veyru,11,,,,2.66309846516609,2.755904211031191,0.9623565754633716,,,63.75,,,,4.064857046354689,,6.7182276248931885,,,,,0.0,,
veyru/1780597225,veyru,12,,,,2.4056690845290367,2.433310248912496,0.8757047216349542,,,86.5,,,,3.929879523333213,,6.065133094787598,,,1.0,,0.0,,
veyru/1780597225,veyru,13,,,,2.703541679509176,2.8199702126333563,0.8723315500832315,,1.0,118.33333333333333,,,,4.3066778617422825,,6.265251795450847,,,,,0.0,1.0,1.0
veyru/1780597225,veyru,14,,,,2.652887652743497,2.755841562798278,0.9139775910364145,,1.0,92.33333333333333,,,,4.2937458702373625,,6.334962685902913,,,,,0.0,1.0,1.0
veyru/1780597225,veyru,15,,,,2.9485311606929625,3.137218076138017,0.9240949453551912,,,78.5,,,,4.307034578502262,,6.314012765884399,,,1.0,,0.0,1.0,
veyru/1780598642,veyru,1,,,,2.6092485196684096,2.7387082531993188,0.9459459459459459,,1.0,74.0,,,,4.20569754164469,,6.506979465484619,,,1.0,,0.0,,
veyru/1780598642,veyru,2,,,,2.6149345530337813,3.0957674417448873,1.0666666666666667,,1.0,30.0,,,,3.872905595320056,,7.070257663726807,,,1.0,,0.0,,
veyru/1780598642,veyru,3,,,,2.731066416392283,3.0477727594703805,0.98,,1.0,50.0,,,,4.120240000427044,,5.540700912475586,,,1.0,,0.0,,
veyru/1780598642,veyru,4,,,,2.754822706851116,2.9207386107327094,0.9324324324324325,,1.0,74.0,,,,4.1999503331392525,,5.970617294311523,,,1.0,,0.0,,
veyru/1780598642,veyru,5,,,,2.7812744335939366,2.977171760223037,1.0,,1.0,59.0,,,,4.337974779704769,,6.128203392028809,,,1.0,,0.0,,
veyru/1780598642,veyru,6,,,,2.6951882690501967,2.8268276077928607,1.0,,1.0,51.0,,,,4.191527549121878,,5.91656494140625,,,1.0,,0.0,,
veyru/1780598642,veyru,7,,,,2.1487615327356537,2.2363288496428146,1.0,,1.0,53.0,,,,3.8970607858904183,,7.445589065551758,,,1.0,,0.0,,
veyru/1780598642,veyru,8,,,,2.5574552784516906,2.7005246385265167,1.0,,1.0,55.0,,,,4.197079206074346,,5.5587592124938965,,,1.0,,0.0,,
veyru/1780598642,veyru,9,,,,2.7289755064767895,2.891571547155234,1.0,,1.0,63.0,,,,4.334677646430646,,6.403690814971924,,,1.0,,0.0,,
veyru/1780598642,veyru,10,,,,2.8106615826335584,3.0499398470305503,1.0476190476190477,,1.0,42.0,,,,4.139241458895649,,7.3951592445373535,,,1.0,,0.0,,
veyru/1780598642,veyru,11,,,,2.754822706851116,2.9207386107327094,0.9324324324324325,,1.0,74.0,,,,4.1999503331392525,,5.970617294311523,,,1.0,,0.0,,
veyru/1780598642,veyru,12,,,,2.754822706851116,2.9207386107327094,0.9324324324324325,,1.0,74.0,,,,4.1999503331392525,,5.970617294311523,,,1.0,,0.0,,
veyru/1780598642,veyru,13,,,,2.754822706851116,2.9207386107327094,0.9324324324324325,,1.0,74.0,,,,4.1999503331392525,,5.970617294311523,,,1.0,,0.0,,
veyru/1780598642,veyru,14,,,,2.8106615826335584,3.0499398470305503,1.0476190476190477,,1.0,42.0,,,,4.139241458895649,,7.3951592445373535,,,1.0,,0.0,,
veyru/1780598642,veyru,15,,,,2.7289755064767895,2.891571547155234,1.0,,1.0,63.0,,,,4.334677646430646,,6.403690814971924,,,1.0,,0.0,,
veyru/1780602168,veyru,1,,,,2.4487838319274142,2.49816736588803,0.8152404124419288,,1.0,117.28571428571429,,,,4.107885664330003,,5.59430067879813,,,,,1.0,,
veyru/1780602168,veyru,2,,,,2.3208546328494313,2.3916941330923738,0.8613699983918868,,1.0,95.33333333333333,,,,4.075589512948203,,6.171183904012044,,,,,0.0,,
veyru/1780602168,veyru,3,,,,2.569739547957623,2.732182671018199,0.896581096678184,,1.0,90.5,,,,4.186418098796825,,6.160694599151611,,,,,1.0,,
veyru/1780602168,veyru,4,,,,2.376447643712494,2.5102355116829944,0.8742813926137741,,1.0,88.33333333333333,,,,4.0853828400110395,,6.141400416692098,,,1.0,,0.0,,
veyru/1780602168,veyru,5,,,,2.3706424938458968,2.4518914611323726,0.7390189784523485,,1.0,152.0,,,,4.273279173587702,,5.512174924214681,,,,,0.0,,
veyru/1780602168,veyru,6,,,,2.467380749354432,2.5116154819075525,0.778494221786969,,1.0,130.25,,,,4.199957345040287,,5.5175710916519165,,,1.0,,0.0,,
veyru/1780602168,veyru,7,,,,2.386222647800612,2.475412169861479,0.7835803695181879,,1.0,134.71428571428572,,,,4.227917046191018,,6.073942456926618,,,,,0.0,,
veyru/1780602168,veyru,8,,,,2.536898532290034,2.685091569652654,0.8111111111111111,,1.0,122.0,,,,4.284095707874133,,5.432422876358032,,,,,1.0,,
veyru/1780602168,veyru,9,,,,2.582469351976866,2.712829803085159,0.8866627675144029,,1.0,101.25,,,,4.229127535659585,,6.302273750305176,,,1.0,,0.0,,
veyru/1780602168,veyru,10,,,,2.5585036881790346,2.678832485379569,0.8904053674972872,,1.0,96.42857142857143,,,,4.264170881328593,,5.94286618913923,,,,1.0,0.0,,
veyru/1780602168,veyru,11,,,,2.6750197555325466,2.780857141910456,0.922937854918794,,1.0,82.6,,,,4.277322488662075,,6.762639331817627,,,,1.0,0.0,,
veyru/1780602168,veyru,12,,,,2.7433198552525906,2.8427113751732875,0.9489159142558811,,1.0,78.0,,,,4.3289839195839495,,6.991084496180217,,,,1.0,0.0,,
veyru/1780602168,veyru,13,,,,2.7470448207428126,2.8427113751732875,0.9489159142558811,,1.0,78.0,,,,4.3289839195839495,,6.993917942047119,,,,1.0,0.0,,
veyru/1780602168,veyru,14,,,,2.6362501333892467,2.729492500917479,0.9379858745790612,,1.0,83.0,,,,4.344835577814852,,7.076879501342773,,,,1.0,0.0,,
veyru/1780602168,veyru,15,,,,2.5665014402375177,2.682796597364977,0.9315068493150684,,1.0,73.0,,,,4.042235424137104,,6.186646938323975,,,,1.0,0.0,,
veyru/1780665907,veyru,1,,,,2.707984748994909,2.705563726101412,0.9912307168359361,,,74.58333333333333,,,,3.679858921906344,,5.912176807721456,,,,,0.0,,
veyru/1780665907,veyru,2,,,,2.846766220151248,2.752066095880166,0.9307966177125055,,,64.0,,,,3.7114928289357656,,6.57710075378418,,,,1.0,0.0,,
veyru/1780665907,veyru,3,,,,2.302478041134753,2.3336948886311175,0.8866325981710597,,,106.5,,,,4.1327602897622135,,5.875863313674927,,,,1.0,0.0,,
veyru/1780665907,veyru,4,,,,2.3728018652115956,2.369285638399276,0.8847972046553424,,,101.125,,,,4.091704131893256,,6.062782824039459,,,,,0.0,,
veyru/1780665907,veyru,5,,,,2.5467811493339982,2.5667028215802543,0.9453713627484829,,,79.5,,,,4.092650487036964,,6.127895355224609,,,,1.0,0.0,,
veyru/1780665907,veyru,6,,,,2.743121068088881,2.806783645390212,0.999511371070621,,1.0,57.8,,,,4.133709169769278,,6.286291885375976,,,1.0,,0.0,1.0,
veyru/1780665907,veyru,7,,,,2.724076132047957,2.947184352524136,0.9850746268656716,,,67.0,,,,4.229257065370639,,7.352088928222656,,,1.0,,0.0,1.0,
veyru/1780665907,veyru,8,,,,2.809342332422608,3.0007193889100985,0.96,,,75.0,,,,4.373158318134881,,6.624914169311523,,,1.0,,0.0,1.0,
veyru/1780665907,veyru,9,,,,2.8228391471445664,3.0677155041207578,1.0,,,61.0,,,,4.3186275600606345,,7.460894584655762,,,1.0,,0.0,1.0,
veyru/1780665907,veyru,10,,,,2.9639320690037776,3.1846217801392447,1.0,,1.0,71.0,,,,4.384423734713773,,5.945528984069824,,,1.0,,0.0,1.0,
veyru/1780665907,veyru,11,,,,3.127513228480375,3.248567817397812,0.9714285714285714,,1.0,70.0,,,,4.418588646061331,,6.187963485717773,,,1.0,,0.0,1.0,
veyru/1780665907,veyru,12,,,,3.0045419783751175,3.127395883376139,0.9411764705882353,,1.0,85.0,,,,4.413063400737086,,6.078909397125244,,,1.0,,0.0,1.0,
veyru/1780665907,veyru,13,,,,3.1156061027549256,3.231845761410822,1.0327868852459017,,1.0,61.0,,,,4.300804190592057,,6.94105339050293,,,1.0,,0.0,1.0,
veyru/1780665907,veyru,14,,,,2.9739448933434187,3.096169586716655,1.0,,,70.0,,,,4.379233110316139,,6.142416477203369,,,1.0,,0.0,1.0,
veyru/1780665907,veyru,15,,,,3.135971724093271,3.1915011620423095,0.9821428571428571,,,56.0,,,,4.288862735635151,,6.905721187591553,,,1.0,,0.0,1.0,
veyru/1781083377,veyru,1,,,,2.5928565905374508,2.695230502644126,0.9242595130178138,,1.0,90.66666666666667,272.0,,,4.170027226574773,,5.686375617980957,1.0,,,,0.0,,
veyru/1781083377,veyru,2,,,,2.239371290393649,2.2557688738087593,0.709480122324159,,1.0,146.0,292.0,,,3.9662049644768027,,4.582143068313599,1.0,,,,0.0,,
veyru/1781083377,veyru,3,,,,2.3868064053705007,2.454230189947686,0.7364311680101154,,1.0,178.0,356.0,,,4.301762281192184,,5.012329339981079,1.0,,,,0.0,,
veyru/1781083377,veyru,4,,,,2.428558097494812,2.3964751880404727,0.7617388114453412,,1.0,163.0,326.0,,,4.253648672114654,,4.9374494552612305,1.0,,,,0.0,,
veyru/1781083377,veyru,5,,,,2.4532866852433632,2.5189932966946134,0.9055698837156689,,1.0,85.66666666666667,257.0,,,4.141121101761379,,5.465504805246989,1.0,,,,0.0,,
veyru/1781083377,veyru,6,,,,2.2448034512691906,2.2664094725756447,0.7213843203776089,,1.0,165.5,331.0,,,4.116100507323045,,4.671603202819824,1.0,,,,0.0,,
veyru/1781083377,veyru,7,,,,2.4398847457135973,2.5454070488651612,0.8399779665838601,,1.0,112.33333333333333,337.0,,,4.121668399370854,,5.373279730478923,1.0,,,,0.0,,
veyru/1781083377,veyru,8,,,,2.329793265507249,2.3754677975186604,0.6987179487179487,,1.0,189.0,378.0,,,4.1835803266775216,,4.633887529373169,1.0,,,,0.0,,
veyru/1781083377,veyru,9,,,,2.303065040083278,2.3395028553326442,0.7024987855234395,,1.0,179.5,359.0,,,4.170271793479233,,4.672827482223511,1.0,,,,0.0,,
veyru/1781083377,veyru,10,,,,2.4183585733063238,2.4418081983110196,0.8008638395553944,,1.0,136.5,273.0,,,4.206649706659933,,4.795936346054077,1.0,,,,0.0,,
veyru/1781083377,veyru,11,,,,2.4931380685973847,2.6372523587100707,0.845640858815875,,1.0,142.5,285.0,,,4.189767573197256,,5.528366804122925,1.0,,,,0.0,,
veyru/1781083377,veyru,12,,,,2.3130531309447306,2.3394726400658916,0.7687911662146455,,1.0,160.5,321.0,,,4.170864497793536,,4.5780134201049805,1.0,,,,0.0,,
veyru/1781083377,veyru,13,,,,2.2655052062684113,2.3377765120405476,0.7499554367201426,,1.0,153.5,307.0,,,4.1394218242778695,,4.877348184585571,1.0,,,,0.0,,
veyru/1781083377,veyru,14,,,,2.530914906577563,2.4594409792704854,0.9020286794669815,,1.0,88.33333333333333,265.0,,,3.925998793582892,,4.016914367675781,1.0,,,,0.0,,
veyru/1781083377,veyru,15,,,,2.2299582891793364,2.2776578452633247,0.7116044300695874,,1.0,175.0,350.0,,,4.178304520653722,,4.563448190689087,,,,,0.0,,
veyru/1781083378,veyru,1,,,,2.429277258854077,2.4410292769423187,0.8858261839880149,,,102.33333333333333,307.0,,,4.172798924174324,,5.112598260243733,,,,,0.0,,
veyru/1781083378,veyru,2,,,,2.16519327700278,2.2387838248128755,0.7216866459887669,,,154.5,309.0,,,3.9862665295465325,,5.236761808395386,,,,,0.0,,
veyru/1781083378,veyru,3,,,,2.345604945564889,2.282668179044004,0.8936917562724015,,,91.33333333333333,274.0,,,4.074802636133517,,5.292620817820231,,,,,0.0,,
veyru/1781083378,veyru,4,,,,2.356355523155055,2.272272123034112,0.81472029399755,,,149.5,299.0,,,4.167680087921239,,4.493311166763306,,,,,0.0,,
veyru/1781083378,veyru,5,,,,2.3889466700392057,2.3627836980652135,0.8275341562663393,,,100.33333333333333,301.0,,,4.037378770298331,,4.911074161529541,,,,,0.0,,
veyru/1781083378,veyru,6,,,,2.3793040235794787,2.315495065658184,0.8369354838709677,,,131.0,262.0,,,4.217685329403912,,4.59429144859314,,,,,0.0,,
veyru/1781083378,veyru,7,,,,2.1763157567909435,2.1975383063393163,0.7112504565932058,,,181.5,363.0,,,4.15822905372249,,4.5386974811553955,,,,,0.0,,
veyru/1781083378,veyru,8,,,,2.4052102913899867,2.334088854557104,0.8874929258630447,,,104.66666666666667,314.0,,,4.132743047065932,,4.899606545766194,,,,,0.0,,
veyru/1781083378,veyru,9,,,,2.4046702733768974,2.3446613675139445,0.8875157100963552,,,92.66666666666667,278.0,,,4.12010821874665,,5.051379521687825,,,,,0.0,,
veyru/1781083378,veyru,10,,,,2.3958480355683696,2.331461889126104,0.8755671576853752,,,99.0,297.0,,,4.132056166050398,,4.939910093943278,,,,,0.0,,
veyru/1781083378,veyru,11,,,,2.3451782013452966,2.3338969152279705,0.8047990945104697,,,121.33333333333333,364.0,,,4.09676772132289,,4.898199240366618,,,,,0.0,,
veyru/1781083378,veyru,12,,,,2.3058040744065234,2.242617443921169,0.910165716192881,,,91.66666666666667,275.0,,,4.107852569771166,,5.043676217397054,,,,,0.0,,
veyru/1781083378,veyru,13,,,,2.337027172497619,2.4389871512572796,0.7067393001632479,,,169.5,339.0,,,4.133961899755856,,4.307526588439941,,,,,0.0,,
veyru/1781083378,veyru,14,,,,2.353301107757916,2.3080708380509196,0.8939386099657747,,,98.0,294.0,,,4.17391506160622,,4.593910376230876,,,,,0.0,,
veyru/1781083378,veyru,15,,,,2.331105129553893,2.3186930552225733,0.6770864077501346,,1.0,240.0,480.0,,,4.295139512663287,,4.714747667312622,,,,,0.0,,1.0
veyru/1781083385,veyru,1,,,,2.4197520409763076,2.3917420048574094,0.858109992722693,,,97.2,486.0,,,4.104176649233651,,5.21830186843872,,,,,0.0,,
veyru/1781083385,veyru,2,,,,2.3555200419362547,2.301707453618052,0.8118134446566299,,,128.75,515.0,,,4.181016536863815,,5.203372836112976,,,,,0.0,,
veyru/1781083385,veyru,3,,,,2.458559132483143,2.463919907953789,0.8404385740782799,,,121.75,487.0,,,4.202101947366166,,5.0954508781433105,,,,,0.0,,
veyru/1781083385,veyru,4,,,,2.4232164035571,2.422130490607386,0.8908952287139827,,,99.6,498.0,,,4.1667774610401676,,5.163019371032715,,,,,0.0,,
veyru/1781083385,veyru,5,,,,2.2643084651298753,2.3228087682005314,0.6911133853221578,,,165.66666666666666,497.0,,,4.107151585799939,,4.7655283610026045,,,,,0.0,,
veyru/1781083385,veyru,6,,,,2.2877777690767154,2.2709225609864956,0.7628482533953178,,,155.5,622.0,,,4.1764571103531924,,4.932075262069702,,,,,0.0,,
veyru/1781083385,veyru,7,,,,2.427359405948269,2.397824809738147,0.8360781810072917,,,102.4,512.0,,,4.120709046428968,,5.179410362243653,,,,,0.0,,
veyru/1781083385,veyru,8,,,,2.322593633425828,2.3245685076016103,0.6761927761730172,,,192.33333333333334,577.0,,,4.141594468506981,,4.590758800506592,,,,,0.0,,
veyru/1781083385,veyru,9,,,,2.386903249275598,2.352707607723034,0.8673691748354212,,,95.5,573.0,,,4.147863746167936,,5.107151349385579,,,,,0.0,,
veyru/1781083385,veyru,10,,,,2.395916015385147,2.3837554889735646,0.8527686313885179,,,107.2,536.0,,,4.133476415952825,,5.21910514831543,,,,,0.0,,
veyru/1781083385,veyru,11,,,,2.2953236958238286,2.2772263634170087,0.7608952407649776,,,146.75,587.0,,,4.113276275746952,,4.719300866127014,,,,,0.0,,
veyru/1781083385,veyru,12,,,,2.3967938902399037,2.329815980451622,0.8147408913514701,,,135.0,540.0,,,4.126115292208921,,4.924999952316284,,,,,0.0,,
veyru/1781083385,veyru,13,,,,2.3257473736061227,2.302658669758456,0.7476172823214843,,,157.25,629.0,,,4.094584870534626,,4.773066997528076,,,,,0.0,,
veyru/1781083385,veyru,14,,,,2.312429107464526,2.310716928329792,0.8306060606060606,,,92.5,185.0,,,4.085950369373242,,5.192899703979492,,,1.0,,0.0,,
veyru/1781083385,veyru,15,,,,2.4564683775356237,2.5119633020484264,0.808858262379735,,,150.66666666666666,452.0,,,4.238684960797078,,5.015039761861165,,,,,0.0,,
veyru/1781083391,veyru,1,,,,2.387015626516502,2.4144986872305116,0.7934436220120421,,,139.375,1115.0,,,4.122575511837108,,5.501825749874115,,,,,1.0,,
veyru/1781083391,veyru,2,,,,2.4131344067931244,2.4150207345273365,0.8663293045724569,,,101.75,1221.0,,,4.083353556293336,,5.2367517948150635,,,,,1.0,,
veyru/1781083391,veyru,3,,,,2.5307064590063635,2.4536031335991213,0.8913501084884473,,,99.63636363636364,1096.0,,,4.153811588967359,,4.936037800528786,,,,,1.0,,
veyru/1781083391,veyru,4,,,,2.524659453255886,2.4550640272013644,0.875804048976486,,,102.3076923076923,1330.0,,,4.126933163291551,,5.141940043522761,,,,,1.0,,
veyru/1781083391,veyru,5,,,,2.391892033309037,2.4431830589387196,0.9228383703613945,,,78.08333333333333,1874.0,,,4.092219720712266,,4.959060490131378,,,,1.0,0.0,,
veyru/1781083391,veyru,6,,,,2.394993221319317,2.4336887915795367,0.8877609304276171,,1.0,89.35,1787.0,,,4.121365740934352,,4.951570582389832,,,,1.0,0.0,,
veyru/1781083391,veyru,7,,,,2.399234826512981,2.3870768908387956,0.7671290276097714,,1.0,174.72727272727272,1922.0,,,4.283079515101286,,4.977712631225586,,,,,1.0,,1.0
veyru/1781083391,veyru,8,,,,2.2725578639858566,2.3121375018095884,0.8016672651966771,,1.0,166.0,498.0,,,4.143506017170292,,5.134314219156901,,,,,1.0,,
veyru/1781083391,veyru,9,,,,2.3270215883297616,2.3544020698157424,0.7400428275887273,,1.0,193.1,1931.0,,,4.203910122108759,,4.935724401473999,,,,,1.0,,1.0
veyru/1781083391,veyru,10,,,,2.3366336177157194,2.3769113619617763,0.8031047262960295,,1.0,155.16666666666666,931.0,,,4.178426355980701,,5.167185306549072,,,,,1.0,,1.0
veyru/1781083391,veyru,11,,,,2.278673686710498,2.3100742813410147,0.7455510485154341,,1.0,173.125,1385.0,,,4.160461940196729,,4.9977105259895325,,,,,1.0,,1.0
veyru/1781083391,veyru,12,,,,2.3398169227508765,2.3562956421204575,0.7894539999791624,,1.0,172.0,2064.0,,,4.19011241097579,,5.018030921618144,,,,,0.0,,1.0
veyru/1781083391,veyru,13,,,,2.2751164161748076,2.294425703871009,0.6704009262203384,,1.0,230.875,1847.0,,,4.240521063580207,,4.641637980937958,,,,,1.0,,1.0
veyru/1781083391,veyru,14,,,,2.307037815420395,2.3137471503010585,0.7382853211351563,,1.0,190.85714285714286,1336.0,,,4.191604898592515,,4.831229209899902,,,,,1.0,,1.0
veyru/1781083391,veyru,15,,,,2.2788548691033736,2.3233908721724936,0.8004688601541791,,1.0,129.25,1034.0,,,4.0760130554433855,,4.739211797714233,,,,,1.0,,
veyru/1781083394,veyru,1,,,,2.3828734077545173,2.3821777918289575,0.8259069254697265,,,129.84615384615384,1688.0,,,4.118421894533528,,5.164493817549485,,,,,1.0,,
veyru/1781083394,veyru,2,,,,2.417244478792758,2.417212203619155,0.819114322796488,,,124.18181818181819,1366.0,,,4.08907592850577,,5.005847454071045,,,,,1.0,,
veyru/1781083394,veyru,3,,,,2.371686037884033,2.3905977966965737,0.8345967946974692,,,128.0,1024.0,,,4.17296503458138,,4.914585649967194,,,,,1.0,,
veyru/1781083394,veyru,4,,,,2.3283004047206295,2.328641892631903,0.8114383772652755,,,128.9090909090909,1418.0,,,4.123135587013393,,4.7496676011518995,,,,,1.0,,
veyru/1781083394,veyru,5,,,,2.6567227278311485,2.6268264815221607,0.9826194475550578,,,56.0,224.0,,,4.080518147428557,,4.937650680541992,,,1.0,,0.0,,
veyru/1781083394,veyru,6,,,,2.374963237244311,2.3365523819822407,0.810950900761722,,,122.81818181818181,1351.0,,,4.118857362950759,,4.315934484655207,,,,,1.0,,
veyru/1781083394,veyru,7,,,,2.341087641228828,2.3567958136095544,0.8351613445409465,,,118.6470588235294,2017.0,,,4.075172374336084,,5.112126630895278,,,,,0.0,,
veyru/1781083394,veyru,8,,,,2.3754434419414117,2.369876852798185,0.7886533830806277,,,166.33333333333334,499.0,,,4.212367341002976,,4.9335707028706866,,,1.0,,0.0,,
veyru/1781083394,veyru,9,,,,2.283953110648795,2.322209894456771,0.7445864916892937,,,160.8181818181818,1769.0,,,4.150095727141425,,4.790355335582387,,,1.0,,0.0,,
veyru/1781083394,veyru,10,,,,2.5320217257915134,2.518089158386807,0.9838709677419355,,,62.0,124.0,,,4.182728496192606,,4.989242076873779,,,1.0,,0.0,,
veyru/1781083394,veyru,11,,,,2.5320217257915134,2.518089158386807,0.9838709677419355,,,62.0,124.0,,,4.182728496192606,,4.989242076873779,,,1.0,,0.0,,
veyru/1781083394,veyru,12,,,,2.3163073904064015,2.315849309136523,0.8644807709442833,,,120.2,601.0,,,4.154391803712199,,5.036157417297363,,,1.0,,0.0,,
veyru/1781083394,veyru,13,,,,2.2828258133468173,2.3040026324568146,0.7728872314336727,,,153.45454545454547,1688.0,,,4.15301337709454,,4.864163095300848,,,1.0,,0.0,,
veyru/1781083394,veyru,14,,,,2.3299860963229264,2.3299247570269714,0.8155716525661673,,,128.0,896.0,,,4.1444326237467575,,5.011075837271554,,,1.0,,0.0,,
veyru/1781083394,veyru,15,,,,2.267649382726384,2.3183721107620134,0.7106274548139878,,,162.5,975.0,,,4.132742545900393,,4.633536497751872,,,,,1.0,,
veyru/1781083398,veyru,1,,,,2.4054262738129935,2.4384632437272002,0.8343924503138502,,,119.57142857142857,837.0,,,4.119618695534199,,4.9571749823434015,1.0,,,,0.0,,
veyru/1781083398,veyru,2,,,,2.390789920736453,2.4305269783988788,0.8856214832969342,,,95.44444444444444,859.0,,,4.067844188650161,,5.168573008643256,1.0,,,,0.0,,
veyru/1781083398,veyru,3,,,,2.4167868755358786,2.4424883803167265,0.8878918140706801,,,91.55555555555556,824.0,,,4.164565903638948,,5.187118477291531,1.0,,,,0.0,,
veyru/1781083398,veyru,4,,,,2.327956076470888,2.354291156570826,0.8400401558954906,,,124.0,868.0,,,4.114095378053324,,5.100277491978237,1.0,,,,0.0,,
veyru/1781083398,veyru,5,,,,2.4584052106068333,2.495264142523677,0.8492979430267613,,,118.14285714285714,827.0,,,4.174685508031556,,5.000428404126849,1.0,,,,0.0,,
veyru/1781083398,veyru,6,,,,2.3720107645168467,2.4053849513621626,0.8232393766970362,,,129.28571428571428,905.0,,,4.179333397144665,,4.82720422744751,1.0,,,,0.0,1.0,1.0
veyru/1781083398,veyru,7,,,,2.3338016788669704,2.343694353629298,0.8126076640931972,,,135.5,813.0,,,4.17875757312234,,4.817006270090739,1.0,,,,0.0,1.0,1.0
veyru/1781083398,veyru,8,,,,2.4179582963855397,2.473979820921935,0.8259140550807217,,,118.25,473.0,,,4.1683922347849105,,4.880558609962463,1.0,,,,1.0,1.0,1.0
veyru/1781083398,veyru,9,,,,2.3539967294776,2.3931996028214533,0.7388513714205309,,,175.2,876.0,,,4.1813529215555665,,4.817716598510742,1.0,,,,0.0,1.0,1.0
veyru/1781083398,veyru,10,,,,2.3160061564579313,2.3045714437505693,0.8543999295484485,,,122.71428571428571,859.0,,,4.2317240741398185,,4.679559026445661,1.0,,,,0.0,,
veyru/1781083398,veyru,11,,,,2.294352021687291,2.321853911624718,0.7668478678090028,,,169.4,847.0,,,4.234524282209405,,4.615461826324463,1.0,,,,0.0,1.0,1.0
veyru/1781083398,veyru,12,,,,2.288446777731422,2.2909260833235314,0.7523361987238892,,,168.8,844.0,,,4.1844494588822725,,4.7263998031616214,1.0,,,,0.0,1.0,1.0
veyru/1781083398,veyru,13,,,,2.3164997269894116,2.3600051252554435,0.7513487676921893,,,183.2,916.0,,,4.24481767716809,,4.552895832061767,1.0,,,,0.0,,
veyru/1781083398,veyru,14,,,,2.4296100140535333,2.456527704335627,0.7660223191815222,,,188.2,941.0,,,4.282501471838243,,5.0351808071136475,1.0,,,,0.0,,
veyru/1781083398,veyru,15,,,,2.46139348973229,2.492283827144876,0.8424609189302618,,,139.16666666666666,835.0,,,4.230134219083518,,5.189101616541545,,,,,0.0,,
veyru/1781083399,veyru,1,,,,2.3328085596667205,2.2959199255291276,0.8298166635506518,,,120.57142857142857,844.0,,,4.127420577570928,,5.101833002907889,,,,,0.0,,
veyru/1781083399,veyru,2,,,,2.3108407528906403,2.2605168975138543,0.8862314682984207,,,94.33333333333333,849.0,,,4.099369386002797,,4.710321373409695,,,,,0.0,,
veyru/1781083399,veyru,3,,,,2.338527495672944,2.3081705106019204,0.900015737436694,,,100.11111111111111,901.0,,,4.188724675727524,,4.809840679168701,,,,,0.0,,
veyru/1781083399,veyru,4,,,,2.3201844765167454,2.26879890622937,0.8806980994163308,,,102.77777777777777,925.0,,,4.123778715080844,,4.694651868608263,,,,,0.0,,
veyru/1781083399,veyru,5,,,,2.3072363169453607,2.2774494908134724,0.8876841047668896,,,99.33333333333333,894.0,,,4.144313339084869,,4.6648544205559626,,,,,0.0,,
veyru/1781083399,veyru,6,,,,2.307731623418906,2.2586084836801517,0.8937580373801978,,,98.44444444444444,886.0,,,4.131896598523912,,4.707253323660956,,,,,0.0,,
veyru/1781083399,veyru,7,,,,2.2916190904093567,2.256931409008574,0.8095790525101721,,,123.0,861.0,,,4.1458655858679,,4.714440073285784,,,,,0.0,,
veyru/1781083399,veyru,8,,,,2.3323039572821433,2.275106989231126,0.7766789281653291,,,157.33333333333334,472.0,,,4.178981313578971,,4.8095316886901855,,,1.0,,0.0,,
veyru/1781083399,veyru,9,,,,2.3327204361951335,2.3057370690768084,0.8006538439086087,,,139.0,834.0,,,4.1523162497340245,,4.881909529368083,,,,,0.0,,
veyru/1781083399,veyru,10,,,,2.3292517152903884,2.347545573846172,0.8279705476525823,,,135.57142857142858,949.0,,,4.21938841886235,,4.206338269369943,,,,,0.0,,1.0
veyru/1781083399,veyru,11,,,,2.3080361302411574,2.324391425958884,0.7735478622869155,,,159.0,954.0,,,4.211845275666131,,4.249326944351196,,,,,0.0,,1.0
veyru/1781083399,veyru,12,,,,2.3144435231347393,2.322191688650283,0.7795603875802047,,,155.83333333333334,935.0,,,4.2083526565867295,,4.366493781407674,,,,,0.0,,
veyru/1781083399,veyru,13,,,,2.398842369700268,2.4766746920922156,0.7834758669165885,,,136.5,273.0,,,4.1711915156000465,,4.476499795913696,,,1.0,,0.0,,
veyru/1781083399,veyru,14,,,,2.3799533962144026,2.4568576078066093,0.7879110405763697,,,152.5,915.0,,,4.235428989496172,,4.867622296015422,,,,,0.0,,1.0
veyru/1781083399,veyru,15,,,,2.30817445423541,2.3633180827897395,0.7867916865079129,,,152.0,912.0,,,4.2598428883076425,,4.917823155721028,,,,,0.0,,1.0
veyru/1781083400,veyru,1,,,,2.2497607534442863,2.303624759966887,0.716413138587871,,,172.5,345.0,,,4.142874621693636,,4.82572603225708,,,,,0.0,,
veyru/1781083400,veyru,2,,,,2.43228853133632,2.433699961008356,0.8663169888417412,,,100.0,300.0,,,4.104864165723767,,5.51313591003418,,,,,0.0,,
veyru/1781083400,veyru,3,,,,2.400147064045863,2.3746136188656557,0.7906758691717432,,,139.33333333333334,418.0,,,4.188894611915944,,4.774710337320964,,,,,0.0,,
veyru/1781083400,veyru,4,,,,2.1858634195177626,2.1792025481767126,0.6374501992031872,,,251.0,251.0,,,4.145304126261181,,4.129245281219482,,,,,0.0,,
veyru/1781083400,veyru,5,,,,2.4913537135477277,2.6208141680951496,0.8539495947991806,,,127.0,254.0,,,4.2391138149667205,,5.46476936340332,,,,,0.0,,
veyru/1781083400,veyru,6,,,,2.3383885935732907,2.294804250354191,0.794638186504359,,,130.66666666666666,392.0,,,4.075722716378756,,4.950410842895508,,,,,0.0,,
veyru/1781083400,veyru,7,,,,2.314824954792333,2.2298734393406425,0.7928571428571428,,,126.0,252.0,,,4.065669850715718,,5.080927610397339,,,,,0.0,,
veyru/1781083400,veyru,8,,,,2.35531841987472,2.393865810482413,0.6944444444444444,,,195.0,390.0,,,4.178123014567629,,4.6891396045684814,1.0,,,,0.0,,
veyru/1781083400,veyru,9,,,,2.496045143605026,2.626171989170068,0.8564876658651706,,,127.0,254.0,,,4.246087182768661,,5.476619243621826,,,,,0.0,,
veyru/1781083400,veyru,10,,,,2.5424079908608053,2.6551295500667367,0.8676828209136703,,,128.5,257.0,,,4.248333349875783,,5.497722148895264,1.0,,,,0.0,,
veyru/1781083400,veyru,11,,,,2.1832085847643103,2.182189503352594,0.6454183266932271,,,251.0,251.0,,,4.149304305958965,,4.223753452301025,,,,,0.0,,
veyru/1781083400,veyru,12,,,,2.2125366053054396,2.195617705676437,0.6387832699619772,,,263.0,263.0,,,4.143705244251172,,4.190447807312012,1.0,,,,0.0,,
veyru/1781083400,veyru,13,,,,2.20135450792568,2.1896564121509643,0.6496062992125984,,,254.0,254.0,,,4.150796323911016,,4.214643478393555,,,,,0.0,,
veyru/1781083400,veyru,14,,,,2.4082665734358564,2.394729167401227,0.6969641230467382,,,239.5,479.0,,,4.247933044776927,,4.865549325942993,1.0,,,,0.0,,1.0
veyru/1781083400,veyru,15,,,,2.337055538503064,2.3465862925759375,0.6742424242424242,,,264.0,264.0,,,4.314623774776475,,4.550571918487549,,,,,0.0,,
veyru/1781084463,veyru,1,,,,2.2831149601494585,2.2836253195945804,0.7502394228890459,,,154.0,1078.0,,,4.110532548318268,,4.98475626536778,1.0,,,,1.0,,
veyru/1781084463,veyru,2,,,,2.318015520135391,2.297569752310242,0.7775516324787501,,,137.625,1101.0,,,4.103316474730976,,5.036846280097961,1.0,,,,1.0,,
veyru/1781084463,veyru,3,,,,2.339082469158768,2.343285889813497,0.7646103509574383,,,163.83333333333334,983.0,,,4.2124603703142425,,5.00370192527771,1.0,,,,1.0,,
veyru/1781084463,veyru,4,,,,2.310671131575801,2.2789923581139035,0.7932508310333213,,,137.11111111111111,1234.0,,,4.131565219009314,,4.96710745493571,1.0,,,,1.0,,
veyru/1781084463,veyru,5,,,,2.323540501900546,2.3134756485104524,0.7792511709533259,,,151.14285714285714,1058.0,,,4.142990540751065,,4.792049884796143,1.0,,,,1.0,,
veyru/1781084463,veyru,6,,,,2.336649969834863,2.2903130112029038,0.7822133327603973,,,152.5,610.0,,,4.143653426336636,,4.959375023841858,1.0,,1.0,,0.0,,
veyru/1781084463,veyru,7,,,,2.3367716236411886,2.3805852209946665,0.8131688891774226,,,133.8181818181818,1472.0,,,4.110819750458449,,5.1726883974942295,1.0,,1.0,,0.0,,
veyru/1781084463,veyru,8,,,,2.5766649883711836,2.6173410954503757,0.8185185185185185,,,140.0,420.0,,,4.101546791557221,,5.112105846405029,1.0,,,,1.0,,
veyru/1781084463,veyru,9,,,,2.4015358911455955,2.4304335188457835,0.8277806418286103,,,132.5,1590.0,,,4.07789939087336,,4.970028201738994,1.0,,,1.0,0.0,,
veyru/1781084463,veyru,10,,,,2.342001774086951,2.3707926685062417,0.7938751985156836,,,138.6,693.0,,,4.092722925467557,,4.859546852111817,1.0,,,,1.0,,
veyru/1781084463,veyru,11,,,,2.418316453449153,2.4184823986013217,0.8431439152059607,,,128.66666666666666,1158.0,,,4.150355164735816,,4.67390579647488,1.0,,,1.0,0.0,,
veyru/1781084463,veyru,12,,,,2.3132333010632613,2.3207144295331923,0.7102386998638002,,,171.5,686.0,,,4.074257546407207,,4.625022888183594,1.0,,1.0,,0.0,,
veyru/1781084463,veyru,13,,,,2.230577575557251,2.259119714795865,0.7217635854375319,,1.0,156.875,1255.0,,,4.108385415647526,,4.549012303352356,1.0,,,,1.0,,
veyru/1781084463,veyru,14,,,,2.305827355467285,2.311415093450303,0.7421938745782581,,,152.375,1219.0,,,4.119891378595581,,4.56523209810257,1.0,,,,1.0,,
veyru/1781084463,veyru,15,,,,2.248745348307219,2.292668177565456,0.7094318984587614,,,161.0,966.0,,,4.116086510367105,,4.572051843007405,,,,,1.0,,
veyru/1781085124,veyru,1,,,,2.314021418598494,2.303274360533182,0.7927152905139513,,,124.0,372.0,,,4.067389872410945,,5.087452570597331,,,,,0.0,,
veyru/1781085124,veyru,2,,,,2.3059070749261954,2.2814210325906017,0.7856428365270838,,,126.0,378.0,,,4.06432877279243,,5.093090693155925,,,,,0.0,,
veyru/1781085124,veyru,3,,,,2.4200635479903934,2.5138275462156967,0.8411859620814844,,,126.0,252.0,,,4.20856622327958,,5.068099737167358,,,,,0.0,,
veyru/1781085124,veyru,4,,,,2.3107638562327715,2.309268523619483,0.7943194111909196,,,123.66666666666667,371.0,,,4.084399818369901,,5.0839284261067705,,,,,0.0,,
veyru/1781085124,veyru,5,,,,2.1858634195177626,2.1792025481767126,0.6374501992031872,,,251.0,251.0,,,4.145304126261181,,4.129245281219482,,,,,0.0,,
veyru/1781085124,veyru,6,,,,2.230035921015573,2.277731552159077,0.6920581182113132,,,146.0,292.0,,,4.024042942093979,,4.751178741455078,,,,,0.0,,
veyru/1781085124,veyru,7,,,,2.3493021308864304,2.2632345596204586,0.7952566240503983,,,149.5,299.0,,,4.077775092743355,,4.737037897109985,,,,,0.0,,
veyru/1781085124,veyru,8,,,,2.1999482142584075,2.2432341116634364,0.7136321014000712,,,176.0,352.0,,,4.136376750682233,,4.681530475616455,,,,,0.0,,
veyru/1781085124,veyru,9,,,,2.3635003548423703,2.3157136271780314,0.7791503290653158,,,142.66666666666666,428.0,,,4.131152175888742,,4.818679014841716,,,,,0.0,,
veyru/1781085124,veyru,10,,,,2.396583618787901,2.3833918430302194,0.8151122666795062,,,95.33333333333333,286.0,,,3.9891660909370343,,4.848547458648682,,,,,0.0,,
veyru/1781085124,veyru,11,,,,2.3392357418686123,2.411174161955855,0.8073521282476506,,,141.5,283.0,,,4.160779237493605,,5.100969076156616,,,,,0.0,,
veyru/1781085124,veyru,12,,,,2.45427640636369,2.4581393101837565,0.8753295122010206,,,95.66666666666667,287.0,,,4.130921708520042,,5.095384915669759,,,,,0.0,,
veyru/1781085124,veyru,13,,,,2.1832085847643103,2.182189503352594,0.6454183266932271,,,251.0,251.0,,,4.149304305958965,,4.223753452301025,,,,,0.0,,
veyru/1781085124,veyru,14,,,,2.3645814567700465,2.324583202103059,0.7976907442736194,,,137.33333333333334,412.0,,,4.128031878286154,,4.927014032999675,,,,,0.0,,
veyru/1781085124,veyru,15,,,,2.4403214577278227,2.5240842868301265,0.8472074153044301,,,101.66666666666667,305.0,,,4.132223996354798,,4.460863033930461,,,,,0.0,,
veyru/1781085906,veyru,1,,,,2.376854220406283,2.447011292672335,0.7856934913613183,,,124.5,498.0,,,4.155250445682402,,5.8724974393844604,,,,,0.0,,
veyru/1781085906,veyru,2,,,,2.3868107963286276,2.4205376434826165,0.7827361994638184,,,129.75,519.0,,,4.1977446266080864,,5.593971848487854,,,,,0.0,,
veyru/1781085906,veyru,3,,,,2.582390639162906,2.6552308579521906,0.8489912000398865,,,118.25,473.0,,,4.271605310160784,,5.9590394496917725,,,,,0.0,,
veyru/1781085906,veyru,4,,,,2.4830130285427074,2.5692147151988207,0.8038432431406451,,,116.25,465.0,,,4.166893727059714,,5.613025188446045,,,,,0.0,,
veyru/1781085906,veyru,5,,,,2.430521519310641,2.4926562930878235,0.8027308008291462,,,118.0,472.0,,,4.182014853371715,,5.708655953407288,,,,,0.0,,
veyru/1781085906,veyru,6,,,,2.3785849375882258,2.4332508179445824,0.8540504593002803,,,100.33333333333333,602.0,,,4.1195948271861935,,5.447780768076579,,,,,0.0,,
veyru/1781085906,veyru,7,,,,2.2955967473848147,2.349185457357289,0.8613652535560948,,,89.83333333333333,539.0,,,4.035149690818655,,5.42466155687968,,,,,0.0,,
veyru/1781085906,veyru,8,,,,2.7541438853514917,3.0493666016308034,1.0,,,60.0,60.0,,,4.194087996100047,,6.010427951812744,,,1.0,,0.0,,
veyru/1781085906,veyru,9,,,,2.4906576222406898,2.601018953113882,0.8220219528165877,,,132.5,530.0,,,4.22205351706266,,5.537083983421326,,,,,0.0,1.0,1.0
veyru/1781085906,veyru,10,,,,2.533373930953158,2.776531209254534,1.0084745762711864,,,51.5,103.0,,,4.15290180443106,,6.608794927597046,,,1.0,,0.0,,
veyru/1781085906,veyru,11,,,,2.476356972954632,2.6449258548578416,0.8804212433062206,,,94.8,474.0,,,4.181101537109261,,5.79380693435669,,,,,0.0,1.0,1.0
veyru/1781085906,veyru,12,,,,2.769884812872743,2.8574092751528597,1.0356897735072066,,1.0,40.666666666666664,122.0,,,4.112371470270717,,6.624128500620524,,,1.0,,0.0,1.0,
veyru/1781085906,veyru,13,,,,2.583969867916676,2.6239005956254684,0.907210401891253,,,88.5,177.0,,,4.008805189032391,,5.45318341255188,,,1.0,,0.0,1.0,
veyru/1781085906,veyru,14,,,,2.7902972357492053,3.0009168542323543,1.0,,,54.0,54.0,,,4.092397918629814,,5.559384822845459,,,1.0,,0.0,,
veyru/1781085906,veyru,15,,,,2.6290380496411796,2.707710143526481,0.8297682709447416,,,119.0,238.0,,,4.223277833384023,,5.202491521835327,,,1.0,,0.0,1.0,1.0
veyru/1781086390,veyru,1,,,,2.2702341352607385,2.3229320557692876,0.7039106145251397,,,179.0,179.0,,,4.222060030777284,,4.527746677398682,,,,,0.0,,
veyru/1781086390,veyru,2,,,,2.4017333555488314,2.370589507403686,0.8179143353270306,,,108.5,217.0,,,4.083293567285735,,4.514663219451904,,,,,0.0,,
veyru/1781086390,veyru,3,,,,2.513025308518678,2.603683907701426,0.79485446985447,,,144.5,289.0,,,4.270448295541229,,5.185547351837158,1.0,,,,0.0,,
veyru/1781086390,veyru,4,,,,2.294331036740386,2.388665709617047,0.7258064516129032,,,186.0,186.0,,,4.180981300140575,,5.291439056396484,1.0,,,,0.0,,
veyru/1781086390,veyru,5,,,,2.283410065666935,2.38396014097888,0.7145984012181195,,,145.0,290.0,,,4.113000586933382,,4.524791240692139,1.0,,,,0.0,,
veyru/1781086390,veyru,6,,,,2.3048055343152507,2.349547536999908,0.6601931428224361,,1.0,185.0,370.0,,,4.107924751020169,,4.247716426849365,,,,,0.0,,
veyru/1781086390,veyru,7,,,,2.1271133831931097,2.125170975389433,0.6666666666666666,,,183.0,183.0,,,4.0503434515552685,,4.5489373207092285,1.0,,,,0.0,,
veyru/1781086390,veyru,8,,,,2.288802287530252,2.3544615875932857,0.7386415265788278,,,164.0,328.0,,,4.213261041438219,,4.7894275188446045,1.0,,,,0.0,,
veyru/1781086390,veyru,9,,,,2.2650878312339096,2.3257520341224236,0.6877841854275257,,,198.0,396.0,,,4.1913857034714,,4.528347015380859,1.0,,,,0.0,1.0,
veyru/1781086390,veyru,10,,,,2.364527278496462,2.4525214155389365,0.7634351670461164,,,144.0,288.0,,,4.166346798866855,,4.65393590927124,1.0,,,,0.0,1.0,
veyru/1781086390,veyru,11,,,,2.366177063804356,2.4242917373647925,0.7684210526315789,,,133.0,266.0,,,4.1620647107041115,,4.659570693969727,1.0,,,,0.0,1.0,
veyru/1781086390,veyru,12,,,,2.5255081332885285,2.5449771668295043,0.8396928948653087,,,111.66666666666667,335.0,,,4.0926528256878685,,5.251338799794515,1.0,,,,0.0,1.0,
veyru/1781086390,veyru,13,,,,2.3308293264893765,2.406370378562358,0.7434959349593496,,,170.5,341.0,,,4.164221272067665,,5.032604455947876,1.0,,,,0.0,1.0,
veyru/1781086390,veyru,14,,,,2.7486819015553254,2.9177922036075503,1.0021902244124465,,1.0,52.333333333333336,157.0,,,4.158140426211074,,5.142028172810872,1.0,,,,0.0,,
veyru/1781086390,veyru,15,,,,2.713807818778145,2.7081893822364993,0.9775764917072367,,1.0,60.333333333333336,181.0,,,4.047399794918459,,4.72504202524821,,,,,0.0,,
veyru/1781086773,veyru,1,,,,2.3211368255942717,2.30717962134274,0.7983652117451123,,,137.0,685.0,,,4.132428787630283,,4.935988426208496,1.0,,,,0.0,,
veyru/1781086773,veyru,2,,,,2.2423165482813845,2.23335139320883,0.7643966509325951,,,154.5,618.0,,,4.163143136578551,,4.84442925453186,1.0,,,,0.0,,
veyru/1781086773,veyru,3,,,,2.368723513346684,2.465336099922766,0.736324482377114,,,166.66666666666666,500.0,,,4.267959637332718,,4.95456075668335,1.0,,,,0.0,,
veyru/1781086773,veyru,4,,,,2.212617297811061,2.2107026725571806,0.6798167361623136,,,189.0,567.0,,,4.127129686151239,,4.505362669626872,1.0,,,,0.0,,
veyru/1781086773,veyru,5,,,,2.2005855588954883,2.2494600492605845,0.7579501006242495,,,141.75,567.0,,,4.1180457876864685,,5.002698540687561,1.0,,,,0.0,,
veyru/1781086773,veyru,6,,,,2.2611784447954952,2.2548468873419014,0.7192484492061114,,,175.0,525.0,,,4.142941313278482,,4.586656093597412,1.0,,,,0.0,,
veyru/1781086773,veyru,7,,,,2.1796367358990967,2.1837958556326966,0.7625052306404765,,,137.75,551.0,,,4.125672207150425,,5.192333936691284,1.0,,,,0.0,,
veyru/1781086773,veyru,8,,,,2.4772713522047964,2.5013299069681794,0.813624937154349,,,136.66666666666666,410.0,,,4.143969719271817,,5.056177457173665,1.0,,,,1.0,,
veyru/1781086773,veyru,9,,,,2.3267639795409862,2.3307777600216464,0.7036266413293518,,,187.0,561.0,,,4.190953117804066,,4.624360720316569,1.0,,,,0.0,,
veyru/1781086773,veyru,10,,,,2.2702797009695654,2.3152605977607963,0.7322176899098519,,,157.0,471.0,,,4.147236563718863,,4.519523461659749,1.0,,,,0.0,,
veyru/1781086773,veyru,11,,,,2.182940046405848,2.209630957612155,0.696412308092636,,,173.0,519.0,,,4.101277823878562,,4.282582759857178,1.0,,,,0.0,,
veyru/1781086773,veyru,12,,,,2.2777679175880703,2.287599858166974,0.7190221177290143,,,146.0,584.0,,,4.048636042342786,,4.624593377113342,1.0,,,,0.0,,
veyru/1781086773,veyru,13,,,,2.3614630472324123,2.3797831205797113,0.858382581741745,,1.0,93.8,469.0,,,4.088022503651785,,5.152031803131104,1.0,,,,0.0,,
veyru/1781086773,veyru,14,,,,2.352295812466311,2.4171481285078107,0.8041696621138497,,,154.25,617.0,,,4.204799271025616,,5.2460631132125854,1.0,,,,0.0,,
veyru/1781086773,veyru,15,,,,2.3313123459004346,2.3760359426050894,0.730653012708399,,,172.0,516.0,,,4.231953582537014,,4.7899250984191895,,,,,0.0,,
veyru/1781088778,veyru,1,,,,2.351159891748267,2.5256860373727164,0.7810175796141087,,,132.0,396.0,,,4.111127449846879,,5.387445608774821,,,,,0.0,,
veyru/1781088778,veyru,2,,,,2.4734334712942063,2.6135311090499878,0.7986879341394392,,,142.0,284.0,,,4.262468768119578,,5.369976282119751,,,,,0.0,,
veyru/1781088778,veyru,3,,,,2.6146993772270197,2.7670843148504516,0.8146031746031746,,1.0,125.0,375.0,,,4.197410503372134,,5.267288049062093,,,,,0.0,1.0,
veyru/1781088778,veyru,4,,,,2.194350173685354,2.278499213436062,0.7218543046357616,,,151.0,151.0,,,3.9513159415325183,,5.2773613929748535,,,1.0,,0.0,,
veyru/1781088778,veyru,5,,,,3.1442148327158446,3.386964728562902,0.9811320754716981,,1.0,53.0,53.0,,,4.411421633604381,,6.730409622192383,,,1.0,,0.0,1.0,
veyru/1781088778,veyru,6,,,,2.3308310181515526,2.395597850955431,0.8289371304077187,,,99.66666666666667,299.0,,,3.928547469609929,,5.265229384104411,,,,,0.0,,
veyru/1781088778,veyru,7,,,,2.875389125864807,3.080363350773464,0.8937328339575531,,1.0,94.66666666666667,284.0,,,4.27804940597814,,6.049223740895589,,,,,0.0,1.0,
veyru/1781088778,veyru,8,,,,2.5935806203275953,2.564693667735768,0.8954792270055643,,1.0,68.5,274.0,,,3.9365696665373795,,6.323267459869385,,,,,0.0,,
veyru/1781088778,veyru,9,,,,2.6437041839716477,2.7332384342654246,0.9036295369211514,,1.0,74.5,149.0,,,3.946745210873987,,6.148245334625244,,,1.0,,0.0,,
veyru/1781088778,veyru,10,,,,2.886609055164316,2.8860667985539985,0.952590475156082,,1.0,66.6,333.0,,,4.041215379053824,,6.451067161560059,,,,,0.0,1.0,
veyru/1781088778,veyru,11,,,,3.4109135864704165,3.5368971709560997,1.0434782608695652,,,46.0,46.0,,,4.367882402606357,,6.253200054168701,,,1.0,,0.0,1.0,
veyru/1781088778,veyru,12,,,,2.393140217528626,2.4135401963616707,0.731930728495778,,,125.33333333333333,376.0,,,4.027318031209599,,5.1867421468098955,,,,,0.0,,
veyru/1781088778,veyru,13,,,,3.1020491918424695,3.1395781238703915,1.0277777777777777,,,35.0,70.0,,,4.075106040040943,,6.104639053344727,,,1.0,,0.0,1.0,
veyru/1781088778,veyru,14,,,,2.27681776921784,2.39058391209807,0.7373627294827731,,,154.5,309.0,,,4.0842525513691195,,5.6701202392578125,,,,,0.0,,
veyru/1781088778,veyru,15,,,,2.290113281369254,2.39058391209807,0.7373627294827731,,,154.5,309.0,,,4.0842525513691195,,5.677386522293091,,,,,0.0,,
veyru/1781090715,veyru,1,,,,2.4580600610388985,2.3872671963457734,0.8981312822480039,,,80.83333333333333,485.0,,,4.039823587330747,,5.533474922180176,1.0,,,,0.0,,1.0
veyru/1781090715,veyru,2,,,,2.3263584556936565,2.342932530856593,0.7119078101336186,,,156.66666666666666,470.0,,,4.118898197330026,,4.7657701174418134,1.0,,,,0.0,,
veyru/1781090715,veyru,3,,,,2.46107385856373,2.437503297033728,0.8387140084748781,,,133.6,668.0,,,4.179206136142328,,5.421395397186279,1.0,,,,0.0,,1.0
veyru/1781090715,veyru,4,,,,2.448692431348771,2.39551728130149,0.8489577514574901,,,114.75,459.0,,,4.049408192009388,,5.465053677558899,1.0,,,,0.0,,1.0
veyru/1781090715,veyru,5,,,,2.363188922936454,2.396616429510385,0.8354494184071999,,,109.4,547.0,,,4.075389882956925,,5.385668563842773,,,,,0.0,,
veyru/1781090715,veyru,6,,,,2.3418857378765354,2.3155325561686078,0.777749213439672,,,141.0,564.0,,,4.089325808235356,,5.026599764823914,,,,,0.0,,1.0
veyru/1781090715,veyru,7,,,,2.305127070036775,2.313664127368179,0.8206430155210642,,,121.25,485.0,,,4.0967180388006765,,5.363703966140747,1.0,,,,0.0,,
veyru/1781090715,veyru,8,,,,2.378275777668698,2.346251394737616,0.7987615839548576,,,155.66666666666666,467.0,,,4.15079926918734,,5.106678644816081,1.0,,,,0.0,,
veyru/1781090715,veyru,9,,,,2.312799416432873,2.3208747989409146,0.7870893141945773,,,136.75,547.0,,,4.109004664427396,,4.991611480712891,1.0,,,,0.0,,
veyru/1781090715,veyru,10,,,,2.434225522978902,2.4147396506806524,0.896471563394233,,,97.6,488.0,,,4.174489174402433,,5.120046806335449,1.0,,,,0.0,,
veyru/1781090715,veyru,11,,,,2.2227668255807633,2.2748081225528316,0.7295105820105819,,,152.33333333333334,457.0,,,4.113529628402386,,4.433546384175618,1.0,,,,0.0,,
veyru/1781090715,veyru,12,,,,2.2523154451122975,2.2890745844225537,0.7264176907322069,,,140.5,562.0,,,4.042684366649428,,4.5618650913238525,1.0,,,,0.0,,
veyru/1781090715,veyru,13,,,,2.2794265452751925,2.297558229812049,0.7850385975504571,,,143.25,573.0,,,4.146347416952531,,4.837262749671936,1.0,,,,0.0,,
veyru/1781090715,veyru,14,,,,2.3480115186930703,2.3284641370069314,0.8086641455667688,,,123.25,493.0,,,4.176853757284069,,4.977766156196594,1.0,,,,0.0,1.0,
veyru/1781090715,veyru,15,,,,2.2613353335166195,2.264508173515387,0.7989807091360941,,,127.25,509.0,,,4.158207101778625,,4.823244571685791,,,,,0.0,,
veyru/1781090859,veyru,1,,,,2.2702341352607385,2.3229320557692876,0.7039106145251397,,,179.0,179.0,,,4.222060030777284,,4.527746677398682,1.0,,,,0.0,,
veyru/1781090859,veyru,2,,,,2.089334689500097,2.0952428562579892,0.628140703517588,,,199.0,199.0,,,4.041444134630773,,4.396900653839111,1.0,,,,0.0,,
veyru/1781090859,veyru,3,,,,2.5154458729087263,2.5375645759015955,0.7485380116959064,,,171.0,171.0,,,4.36539383023995,,4.741384983062744,1.0,,,,0.0,,
veyru/1781090859,veyru,4,,,,2.2156662442995514,2.2165819303095393,0.6724137931034483,,,232.0,232.0,,,4.187952842118492,,4.258401870727539,1.0,,,,0.0,,
veyru/1781090859,veyru,5,,,,2.2702341352607385,2.3229320557692876,0.7039106145251397,,,179.0,179.0,,,4.222060030777284,,4.527746677398682,1.0,,,,0.0,,
veyru/1781090859,veyru,6,,,,2.2985401708429474,2.2776714919501346,0.6978021978021978,,,182.0,182.0,,,4.1855215569155755,,4.365853786468506,1.0,,,,0.0,,
veyru/1781090859,veyru,7,,,,2.089334689500097,2.0952428562579892,0.628140703517588,,,199.0,199.0,,,4.041444134630773,,4.396900653839111,1.0,,,,0.0,,
veyru/1781090859,veyru,8,,,,2.275168301420082,2.2635794666969695,0.6752136752136753,,,234.0,234.0,,,4.272218080051041,,4.539298057556152,1.0,,,,0.0,,
veyru/1781090859,veyru,9,,,,2.2702341352607385,2.3229320557692876,0.7039106145251397,,,179.0,179.0,,,4.222060030777284,,4.527746677398682,1.0,,,,0.0,,
veyru/1781090859,veyru,10,,,,2.3520435609717314,2.366364518687585,0.7283950617283951,,,162.0,162.0,,,4.2110569846915915,,4.816640377044678,1.0,,,,0.0,,
veyru/1781090859,veyru,11,,,,2.2156662442995514,2.2165819303095393,0.6724137931034483,,,232.0,232.0,,,4.187952842118492,,4.258401870727539,1.0,,,,0.0,,
veyru/1781090859,veyru,12,,,,2.2156662442995514,2.2165819303095393,0.6724137931034483,,,232.0,232.0,,,4.187952842118492,,4.258401870727539,1.0,,,,0.0,,
veyru/1781090859,veyru,13,,,,2.341174926867434,2.31210505250555,0.8959222380275013,,1.0,84.0,168.0,,,4.069626429283163,,4.5067737102508545,1.0,,,,0.0,,
veyru/1781090859,veyru,14,,,,2.368203174416768,2.333543326406396,0.9113491693836362,,1.0,85.0,170.0,,,4.149238604395659,,4.278467416763306,1.0,,,,0.0,,
veyru/1781090859,veyru,15,,,,2.3415291646942453,2.31210505250555,0.8959222380275013,,1.0,84.0,168.0,,,4.069626429283163,,4.543414354324341,,,,,0.0,,
veyru/1781091018,veyru,1,,,,2.27695260655674,2.259573553968543,0.8293196905679103,,,119.0,833.0,,,4.114230726095216,,5.27367149080549,,,,,0.0,,
veyru/1781091018,veyru,2,,,,2.240692859437033,2.225462651509026,0.8146438053991687,,,118.71428571428571,831.0,,,4.129532587881539,,5.037162235804966,,,,,0.0,,
veyru/1781091018,veyru,3,,,,2.2484015987580195,2.2694355354095,0.834015310331664,,,121.71428571428571,852.0,,,4.198845833437395,,5.34457928793771,,,,,0.0,,
veyru/1781091018,veyru,4,,,,2.3223856860237833,2.250309315606682,0.8538102391341366,,,110.75,886.0,,,4.155065827766238,,5.087426662445068,,,,,0.0,,
veyru/1781091018,veyru,5,,,,2.259181823290844,2.252628338781646,0.8632651499365404,,,103.14285714285714,722.0,,,4.139416962990191,,5.337100982666016,,,1.0,,0.0,,
veyru/1781091018,veyru,6,,,,2.2440207594087647,2.2250998177654355,0.826975571137224,,,115.57142857142857,809.0,,,4.10284197362409,,5.15498719896589,,,,,0.0,,
veyru/1781091018,veyru,7,,,,2.300260939824911,2.2644739242578673,0.8177168729269286,,,117.125,937.0,,,4.152625054725046,,4.966913044452667,,,,,0.0,,
veyru/1781091018,veyru,8,,,,2.2673733036699097,2.252605432053004,0.8573183718047634,,,109.8,549.0,,,4.16114198635862,,5.374562358856201,,,,,1.0,,
veyru/1781091018,veyru,9,,,,2.3061980188717137,2.313019458875115,0.8228478047337723,,,117.14285714285714,820.0,,,4.133893134969403,,5.083260672433036,,,,,0.0,,
veyru/1781091018,veyru,10,,,,2.2860357712956767,2.2670991924908783,0.8696539928197631,,,100.9,1009.0,,,4.158507133235192,,5.344803190231323,,,,,0.0,,
veyru/1781091018,veyru,11,,,,2.3524884091075267,2.3606358020905667,0.8286363214980996,,,133.85714285714286,937.0,,,4.25980376275722,,5.615967546190534,,,,,0.0,,
veyru/1781091018,veyru,12,,,,2.343254412711641,2.3296279458226814,0.8377155672415126,,,130.0,260.0,,,4.238040235515987,,5.481537103652954,,,1.0,,0.0,,
veyru/1781091018,veyru,13,,,,2.270664036524811,2.305895789621839,0.6818518057483873,,,227.75,911.0,,,4.230601216528165,,4.605824947357178,,,,,0.0,,
veyru/1781091018,veyru,14,,,,2.5013276386591556,2.4989599425016302,0.7379679144385026,,,187.0,187.0,,,4.255309434469482,,5.256977081298828,,,1.0,,0.0,,
veyru/1781091018,veyru,15,,,,2.268148786877583,2.2916598057773037,0.7610128253484014,,,175.6,878.0,,,4.223650073127085,,5.120785331726074,,,,,0.0,,
veyru/1781093735,veyru,1,,,,2.572167133778463,2.673053712681119,0.9143518518518519,,1.0,90.0,180.0,,,4.232702866104296,,6.810690641403198,,,,,0.0,,
veyru/1781093735,veyru,2,,,,2.9274175511470624,2.882375138409443,0.9773991941880017,,1.0,62.333333333333336,187.0,,,4.067733439938565,,6.178292274475098,,,,,0.0,,
veyru/1781093735,veyru,3,,,,3.1236894827581945,2.963274698893811,1.0787278582930757,,1.0,30.0,180.0,,,3.805196567107878,,6.395082155863444,,,,,0.0,,
veyru/1781093735,veyru,4,,,,3.2061262980513376,3.124387827689923,1.0456280193236716,,1.0,40.75,163.0,,,3.9119743619135523,,6.96488893032074,,,,,0.0,,
veyru/1781093735,veyru,5,,,,3.1677762661505704,3.077315441455117,1.0567632850241546,,1.0,32.666666666666664,98.0,,,3.840232901084367,,6.925927797953288,,,1.0,,0.0,,
veyru/1781093735,veyru,6,,,,2.6740130463661718,2.764404973482283,0.8942890442890443,,1.0,101.5,203.0,,,4.2636361107220075,,6.24776029586792,,,,,0.0,,
veyru/1781093735,veyru,7,,,,2.9063014726796776,2.903580040585952,1.0281840561491724,,1.0,43.0,172.0,,,3.8713127200033006,,7.047234773635864,,,,,0.0,,
veyru/1781093735,veyru,8,,,,3.06345920578119,3.087479419075747,0.9851190476190477,,1.0,53.75,215.0,,,3.9268372491329924,,6.334996938705444,,,,,0.0,,
veyru/1781093735,veyru,9,,,,2.65755750490296,2.9644425347682795,0.9197705354173595,,1.0,79.5,159.0,,,4.188083382639663,,6.626587629318237,,,,,0.0,,
veyru/1781093735,veyru,10,,,,2.908859177260208,3.239864892402149,0.9769517081205122,,1.0,66.66666666666667,200.0,,,4.249596969073699,,6.8550465901692705,,,,,0.0,,
veyru/1781093735,veyru,11,,,,2.697794853273789,2.902262895496549,0.9886039886039887,,1.0,51.666666666666664,155.0,,,4.023472518263996,,7.265991687774658,,,,,0.0,,
veyru/1781093735,veyru,12,,,,2.7441715245982774,2.978498400021936,0.9063180827886711,,1.0,90.66666666666667,272.0,,,4.261554256351198,,6.623129049936931,,,,,0.0,,
veyru/1781093735,veyru,13,,,,2.152164954677308,2.237487515930364,0.7189542483660131,,,153.0,153.0,,,3.964092562271284,,5.271321773529053,,,,,0.0,,
veyru/1781093735,veyru,14,,,,2.606624053725416,2.7529391605456013,0.9129994446077951,,1.0,90.33333333333333,271.0,,,4.140350505860668,,6.089758078257243,,,,,0.0,,
veyru/1781093735,veyru,15,,,,,,,,,,,,,,,,,,1.0,,0.0,,
veyru/1781095644,veyru,1,,,,2.2702341352607385,2.3229320557692876,0.7039106145251397,,,179.0,179.0,,,4.222060030777284,,4.527746677398682,,,,,0.0,,
veyru/1781095644,veyru,2,,,,2.1589142299218356,2.2378983868121964,0.7218543046357616,,,151.0,151.0,,,3.9667480436980673,,5.356853485107422,,,,,0.0,,
veyru/1781095644,veyru,3,,,,2.3555124521670816,2.2547958387838265,0.853638753705879,,,106.66666666666667,320.0,,,4.059263268840638,,4.943551699320476,,,,,0.0,,
veyru/1781095644,veyru,4,,,,2.412778267635324,2.4192165641091616,0.8511064030131827,,,101.5,203.0,,,4.123042797412008,,4.9134361743927,,,,,0.0,,
veyru/1781095644,veyru,5,,,,2.4522281814990965,2.4558289042554144,0.7359550561797753,,,178.0,178.0,,,4.321239037603926,,4.734601974487305,,,,,0.0,,
veyru/1781095644,veyru,6,,,,2.155146324180697,2.2597815970420854,0.7086092715231788,,,151.0,151.0,,,3.97774530733568,,5.144771099090576,,,,,0.0,,
veyru/1781095644,veyru,7,,,,2.165435729598154,2.1628671448708428,0.8199245757385292,,,123.0,246.0,,,4.186214561281256,,5.067178726196289,,,,,0.0,,
veyru/1781095644,veyru,8,,,,2.3816164706161675,2.3369086320573427,0.835006154720197,,,119.0,238.0,,,4.133895637993756,,4.757797718048096,,,,,0.0,,
veyru/1781095644,veyru,9,,,,2.1838857609813407,2.262778993583474,0.7152317880794702,,,151.0,151.0,,,3.9210646075505187,,5.271200180053711,,,,,0.0,,
veyru/1781095644,veyru,10,,,,2.3782861721657715,2.288691677144172,0.828159543109801,,,121.5,243.0,,,4.09921547426678,,4.813965797424316,,,,,0.0,,
veyru/1781095644,veyru,11,,,,2.418658910719416,2.381762798834954,0.8673101067168864,,,83.5,167.0,,,3.9973365197234223,,4.85474967956543,,,,,0.0,,
veyru/1781095644,veyru,12,,,,2.0805397445580502,2.0626170996606836,0.6287128712871287,,,202.0,202.0,,,4.086327316101458,,4.854957580566406,,,,,0.0,,
veyru/1781095644,veyru,13,,,,2.3968087706069943,2.3626775831987628,0.825332726652258,,,104.0,208.0,,,4.039606176587197,,4.698492527008057,,,,,0.0,,
veyru/1781095644,veyru,14,,,,2.291098069981739,2.2797266946531973,0.673728813559322,,,236.0,236.0,,,4.269092790833131,,4.809291839599609,,,,,0.0,,
veyru/1781095644,veyru,15,,,,2.2702341352607385,2.3229320557692876,0.7039106145251397,,,179.0,179.0,,,4.222060030777284,,4.527746677398682,,,,,0.0,,
veyru/1781096024,veyru,1,,,,2.391575012936823,2.335962347393675,0.828145783453046,,,110.5,221.0,,,4.1177107867673834,,4.952752113342285,,,,,0.0,,
veyru/1781096024,veyru,2,,,,2.1969706591757756,2.1631505746034096,0.6287128712871287,,,202.0,202.0,,,4.119637790591689,,4.979314804077148,,,,,0.0,,
veyru/1781096024,veyru,3,,,,2.3279351634084566,2.4295234885360664,0.7577872168284789,,,123.5,247.0,,,4.081243865937127,,4.903498411178589,,,,,0.0,,
veyru/1781096024,veyru,4,,,,2.2741343995732692,2.210590854531149,0.8447796320068464,,,151.5,303.0,,,4.194623401162266,,4.313990592956543,,,,,0.0,,
veyru/1781096024,veyru,5,,,,2.2558076365328805,2.2953491844031166,0.6904701590840003,,,140.5,281.0,,,4.002396678920552,,5.035455703735352,,,,,0.0,,
veyru/1781096024,veyru,6,,,,2.2702341352607385,2.3229320557692876,0.7039106145251397,,,179.0,179.0,,,4.222060030777284,,4.527746677398682,,,,,0.0,,
veyru/1781096024,veyru,7,,,,2.418485972911103,2.3555530635716133,0.8601190476190477,,,77.0,154.0,,,3.9673202736887094,,4.949132204055786,,,,,0.0,,
veyru/1781096024,veyru,8,,,,2.331180704070924,2.2440867843943373,0.7883855981416956,,,123.5,247.0,,,4.064799461861383,,5.1531713008880615,,,,,0.0,,
veyru/1781096024,veyru,9,,,,2.365489498084271,2.49198200696491,0.7244444444444444,,,147.0,294.0,,,4.126784419837808,,4.656404733657837,,,,,0.0,,
veyru/1781096024,veyru,10,,,,2.340634183474611,2.3608333355545676,0.8846767267819899,,,100.0,200.0,,,4.189462367699335,,4.599038600921631,,,,,0.0,,
veyru/1781096024,veyru,11,,,,2.484637818701586,2.3998597195325955,0.8416727096930142,,,118.5,237.0,,,4.1313865107371175,,5.100330352783203,,,,,0.0,,
veyru/1781096024,veyru,12,,,,2.3627361946049783,2.334331610981384,0.7934142574016135,,,134.33333333333334,403.0,,,4.048759826704556,,4.925786813100179,,,,,0.0,,
veyru/1781096024,veyru,13,,,,2.30204147130185,2.3087997062752317,0.7132458405048767,,,180.5,361.0,,,4.046737736978343,,4.477341651916504,,,,,0.0,,
veyru/1781096024,veyru,14,,,,2.273190443081134,2.380974568037072,0.7165775401069518,,,187.0,187.0,,,4.178054512490878,,5.185210227966309,,,,,0.0,,
veyru/1781096024,veyru,15,,,,2.4332121667924658,2.429624581900289,0.7346938775510204,,,194.0,194.0,,,4.256566086712265,,4.98067569732666,,,,,0.0,,
veyru/1781098190,veyru,1,,,,2.3978423060455962,2.472669903786836,0.7846545635344325,,,126.16666666666667,757.0,,,4.14507158347702,,5.544616460800171,,,,,1.0,,
veyru/1781098190,veyru,2,,,,2.350295226127533,2.4313282236457185,0.8480453311418987,,,96.4090909090909,2121.0,,,4.07007353033756,,5.151098988272927,,,,,0.0,,
veyru/1781098190,veyru,3,,,,2.6992878856927667,2.774860283368657,0.935239047143095,,,69.33333333333333,208.0,,,4.228092790638172,,5.912806669871013,,,1.0,,0.0,,
veyru/1781098190,veyru,4,,,,2.3185089072346883,2.3602687843036136,0.8777777777777778,,,78.83333333333333,1419.0,,,4.016388791385287,,5.55400636461046,,,1.0,,0.0,,
veyru/1781098190,veyru,5,,,,2.880615588499966,2.877423853846238,0.9336274317582728,,,93.66666666666667,281.0,,,4.375970306552305,,5.87170934677124,,,1.0,,0.0,,
veyru/1781098190,veyru,6,,,,2.833614441481339,2.936627925302884,0.9297048878616675,,1.0,73.8,369.0,,,4.219958576010069,,6.13926248550415,,,1.0,,0.0,,
veyru/1781098190,veyru,7,,,,2.9208447935867787,3.1041049317531533,0.9773853310538093,,,63.57142857142857,890.0,,,4.24192063304198,,6.021295002528599,,,1.0,,0.0,,
veyru/1781098190,veyru,8,,,,2.836114890962062,2.9606090553012137,0.9575835692582888,,,79.63636363636364,1752.0,,,4.398525859660911,,6.150749336589467,,,1.0,,0.0,,
veyru/1781098190,veyru,9,,,,2.8755709795058566,2.976147869030143,0.942340687186048,,,81.625,653.0,,,4.382615011881121,,6.401421368122101,,,1.0,,0.0,,
veyru/1781098190,veyru,10,,,,2.756227071233935,2.9138921523905696,0.9247216094430666,,1.0,89.16666666666667,2140.0,,,4.290299358050136,,5.956609865029653,,,,,0.0,,
veyru/1781098190,veyru,11,,,,2.4222504288589364,2.4666005212564275,0.8648549870659227,,1.0,98.66666666666667,592.0,,,4.118556310870221,,5.510101159413655,,,1.0,,0.0,,
veyru/1781098190,veyru,12,,,,2.6845339006904676,2.699183517135267,0.8982491729359893,,1.0,94.73913043478261,2179.0,,,4.117143706993175,,5.541112630263619,,,,,0.0,,
veyru/1781098190,veyru,13,,,,3.0147223773498033,3.1530232672742478,1.0406168866610777,,1.0,49.0,343.0,,,4.111093745434879,,6.6045611926487515,,,1.0,,0.0,1.0,
veyru/1781098190,veyru,14,,,,2.7773964869319063,3.021557648265055,0.9992555795443631,,1.0,52.642857142857146,737.0,,,4.08118920362765,,6.62906949860709,,,1.0,,0.0,1.0,
veyru/1781098190,veyru,15,,,,2.7408256964892113,2.9429863305301946,0.9745762711864407,,1.0,51.0,204.0,,,4.108637117232493,,7.007817029953003,,,,1.0,0.0,1.0,
veyru/1781098198,veyru,1,,,,2.5575030743248632,2.5865732968083743,0.7874698936020831,,1.0,136.33333333333334,409.0,,,4.221712065820663,,5.471156279246013,,,1.0,,0.0,,
veyru/1781098198,veyru,2,,,,2.594230676288946,2.6365590769086396,0.889234161988773,,1.0,79.5,159.0,,,4.212723099353719,,6.901422500610352,,,1.0,,0.0,,
veyru/1781098198,veyru,3,,,,2.7840852298233933,2.999323324204596,0.9431103487707262,,1.0,76.0,152.0,,,4.358835751998809,,5.623899459838867,,,1.0,,0.0,,
veyru/1781098198,veyru,4,,,,2.848229496129263,3.020073971755086,0.93656330749354,,1.0,65.5,131.0,,,4.185206347540771,,6.596895217895508,,,1.0,,0.0,,
veyru/1781098198,veyru,5,,,,2.823111285996155,2.9791892719173614,0.9257309941520468,,,70.0,140.0,,,4.237130591977252,,6.774979591369629,,,1.0,,0.0,,
veyru/1781098198,veyru,6,,,,2.692425888920244,2.8490174399489065,0.9073671497584541,,1.0,68.5,137.0,,,4.237990221771382,,6.552046775817871,,,1.0,,0.0,,
veyru/1781098198,veyru,7,,,,2.6136843998232218,2.764429580821723,0.889750957854406,,1.0,80.5,161.0,,,4.229634336361888,,7.08065938949585,,,1.0,,0.0,,
veyru/1781098198,veyru,8,,,,2.666079149069537,2.811130443251732,0.9023504273504273,,1.0,74.5,149.0,,,4.24134843917315,,6.974385499954224,,,1.0,,0.0,,
veyru/1781098198,veyru,9,,,,2.467121673470861,2.5433828952955713,0.8459578387026292,,1.0,101.6,2032.0,,,4.098223291517236,,5.610685932636261,,,,,0.0,,
veyru/1781098198,veyru,10,,,,2.4518716582726623,2.51306881494205,0.8312266156144005,,1.0,114.66666666666667,688.0,,,4.135860579802908,,5.800139506657918,,,,,1.0,,
veyru/1781098198,veyru,11,,,,2.613715429864726,2.7666170093543876,0.9954942427790788,,,65.0,195.0,,,4.310853597328619,,6.774868170420329,,,1.0,,0.0,,
veyru/1781098198,veyru,12,,,,2.4454948078092045,2.4701354670577875,0.7781044986683281,,1.0,131.9375,2111.0,,,4.188190715666702,,5.559692025184631,,,,,0.0,,
veyru/1781098198,veyru,13,,,,2.4323819834237286,2.476743995112548,0.80168984333925,,,110.07692307692308,1431.0,,,4.141151788272591,,5.790123902834379,,,1.0,,0.0,,
veyru/1781098198,veyru,14,,,,2.3420854499191344,2.349828062548239,0.834849007366678,,1.0,98.8,1482.0,,,4.124241920108903,,6.241676330566406,,,1.0,,0.0,,
veyru/1781098198,veyru,15,,,,3.114098245456571,3.415316138197636,0.9836065573770492,,,61.0,61.0,,,4.399850813214457,,7.0164875984191895,,,1.0,,0.0,,
veyru/1781099000,veyru,1,,,,2.434858567829192,2.388974791872862,0.8918653863072945,,,95.2,476.0,,,4.049407780749097,,5.198557758331299,,,,,0.0,,
veyru/1781099000,veyru,2,,,,2.433021556748886,2.38070134358402,0.8668496765406878,,,120.75,483.0,,,4.142916153750264,,5.032227396965027,,,,,0.0,,
veyru/1781099000,veyru,3,,,,2.393295102440503,2.360384261523463,0.8838851841560927,,,95.0,475.0,,,4.104025391107422,,5.0084083557128904,,,,,0.0,,
veyru/1781099000,veyru,4,,,,2.49761185832542,2.4549140833823775,0.9348899412249597,,,80.33333333333333,482.0,,,4.0876441868222075,,5.2555733521779375,,,,,0.0,,
veyru/1781099000,veyru,5,,,,2.292436975129568,2.306920268149246,0.7669604818911904,,,149.25,597.0,,,4.129785989358298,,4.508231520652771,,,,,0.0,,
veyru/1781099000,veyru,6,,,,2.3761219905609896,2.3743922474716026,0.808380087589215,,,130.5,522.0,,,4.0701115349790715,,5.026511192321777,,,,,0.0,,
veyru/1781099000,veyru,7,,,,2.2855727207979166,2.252874996059531,0.821764076566998,,,113.5,454.0,,,4.100900511102469,,4.667370676994324,,,,,0.0,,
veyru/1781099000,veyru,8,,,,2.4460684594572806,2.40257818509528,0.889173079053438,,,102.6,513.0,,,4.120668558664156,,4.964238929748535,,,,,0.0,,
veyru/1781099000,veyru,9,,,,2.3432371113853607,2.304950617923759,0.8455762326266902,,,119.0,476.0,,,4.15114010833112,,4.649667024612427,,,,,0.0,,
veyru/1781099000,veyru,10,,,,2.4454387132711926,2.3766116738433567,0.9191831338392267,,,85.0,510.0,,,4.087758003836195,,4.992877960205078,,,,,0.0,,
veyru/1781099000,veyru,11,,,,2.2129275409821636,2.2303466473580498,0.7526533894111826,,,148.25,593.0,,,4.12913846833904,,4.380807280540466,,,,,0.0,,
veyru/1781099000,veyru,12,,,,2.318054223425163,2.269875196883421,0.8845772613366109,,,110.4,552.0,,,4.179386944920364,,4.857489395141601,,,,,0.0,,
veyru/1781099000,veyru,13,,,,2.316611277998627,2.3334091034532256,0.8538877738589346,,,107.6,538.0,,,4.1455617412035055,,4.573785877227783,,,,,0.0,,
veyru/1781099000,veyru,14,,,,2.32946130666198,2.2823435207856284,0.8708032988613983,,,99.4,497.0,,,4.168575892191956,,4.693714141845703,,,,,0.0,,
veyru/1781099000,veyru,15,,,,2.3300536234952975,2.3110217932471304,0.7861371309251995,,,145.25,581.0,,,4.151332334662544,,4.805457353591919,,,,,0.0,,
